giornata,data,ora,home,away,status
1,2026-08-22,16:30,Udinese,Como,TIMED
1,2026-08-22,16:30,Inter,Monza,TIMED
1,2026-08-22,18:45,Genoa,Napoli,TIMED
1,2026-08-22,18:45,Parma,Cagliari,TIMED
1,2026-08-23,16:30,Frosinone,Juventus,TIMED
1,2026-08-23,16:30,Venezia,Lecce,TIMED
1,2026-08-23,18:45,Atalanta,Sassuolo,TIMED
1,2026-08-23,18:45,Torino,Milan,TIMED
1,2026-08-24,16:30,Bologna,Lazio,TIMED
1,2026-08-24,18:45,Roma,Fiorentina,TIMED
2,2026-08-28,18:45,Milan,Venezia,TIMED
2,2026-08-29,16:30,Sassuolo,Torino,TIMED
2,2026-08-29,16:30,Monza,Udinese,TIMED
2,2026-08-29,16:30,Fiorentina,Frosinone,TIMED
2,2026-08-29,18:45,Juventus,Parma,TIMED
2,2026-08-30,16:30,Napoli,Como,TIMED
2,2026-08-30,18:45,Lazio,Genoa,TIMED
2,2026-08-30,18:45,Cagliari,Inter,TIMED
2,2026-08-31,16:30,Lecce,Roma,TIMED
2,2026-08-31,18:45,Atalanta,Bologna,TIMED
3,2026-09-04,18:45,Genoa,Como,TIMED
3,2026-09-05,13:00,Fiorentina,Torino,TIMED
3,2026-09-05,16:00,Inter,Napoli,TIMED
3,2026-09-05,18:45,Roma,Atalanta,TIMED
3,2026-09-06,13:00,Parma,Monza,TIMED
3,2026-09-06,13:00,Frosinone,Venezia,TIMED
3,2026-09-06,16:00,Bologna,Sassuolo,TIMED
3,2026-09-06,18:45,Juventus,Milan,TIMED
3,2026-09-07,16:00,Cagliari,Lecce,TIMED
3,2026-09-07,18:45,Udinese,Lazio,TIMED
4,2026-09-11,18:45,Venezia,Fiorentina,TIMED
4,2026-09-12,13:00,Genoa,Frosinone,TIMED
4,2026-09-12,16:00,Lazio,Milan,TIMED
4,2026-09-12,16:00,Sassuolo,Juventus,TIMED
4,2026-09-12,18:45,Atalanta,Cagliari,TIMED
4,2026-09-13,10:30,Torino,Roma,TIMED
4,2026-09-13,13:00,Como,Parma,TIMED
4,2026-09-13,13:00,Lecce,Monza,TIMED
4,2026-09-13,16:00,Napoli,Bologna,TIMED
4,2026-09-14,18:45,Inter,Udinese,TIMED
5,2026-09-18,18:45,Monza,Sassuolo,TIMED
5,2026-09-19,13:00,Bologna,Torino,TIMED
5,2026-09-19,13:00,Udinese,Cagliari,TIMED
5,2026-09-19,16:00,Roma,Inter,TIMED
5,2026-09-19,18:45,Venezia,Lazio,TIMED
5,2026-09-20,10:30,Fiorentina,Napoli,TIMED
5,2026-09-20,13:00,Frosinone,Como,TIMED
5,2026-09-20,13:00,Parma,Genoa,TIMED
5,2026-09-20,16:00,Juventus,Atalanta,TIMED
5,2026-09-20,18:45,Milan,Lecce,TIMED
6,2026-10-11,00:00,Atalanta,Venezia,SCHEDULED
6,2026-10-11,00:00,Sassuolo,Milan,SCHEDULED
6,2026-10-11,00:00,Lecce,Bologna,SCHEDULED
6,2026-10-11,00:00,Inter,Parma,SCHEDULED
6,2026-10-11,00:00,Lazio,Monza,SCHEDULED
6,2026-10-11,00:00,Cagliari,Juventus,SCHEDULED
6,2026-10-11,00:00,Como,Roma,SCHEDULED
6,2026-10-11,00:00,Napoli,Frosinone,SCHEDULED
6,2026-10-11,00:00,Torino,Udinese,SCHEDULED
6,2026-10-11,00:00,Genoa,Fiorentina,SCHEDULED
7,2026-10-18,00:00,Milan,Atalanta,SCHEDULED
7,2026-10-18,00:00,Juventus,Lazio,SCHEDULED
7,2026-10-18,00:00,Bologna,Inter,SCHEDULED
7,2026-10-18,00:00,Roma,Genoa,SCHEDULED
7,2026-10-18,00:00,Frosinone,Sassuolo,SCHEDULED
7,2026-10-18,00:00,Udinese,Lecce,SCHEDULED
7,2026-10-18,00:00,Venezia,Napoli,SCHEDULED
7,2026-10-18,00:00,Monza,Cagliari,SCHEDULED
7,2026-10-18,00:00,Fiorentina,Como,SCHEDULED
7,2026-10-18,00:00,Parma,Torino,SCHEDULED
8,2026-10-25,00:00,Udinese,Milan,SCHEDULED
8,2026-10-25,00:00,Cagliari,Bologna,SCHEDULED
8,2026-10-25,00:00,Como,Sassuolo,SCHEDULED
8,2026-10-25,00:00,Atalanta,Frosinone,SCHEDULED
8,2026-10-25,00:00,Inter,Fiorentina,SCHEDULED
8,2026-10-25,00:00,Napoli,Roma,SCHEDULED
8,2026-10-25,00:00,Lazio,Parma,SCHEDULED
8,2026-10-25,00:00,Lecce,Juventus,SCHEDULED
8,2026-10-25,00:00,Torino,Monza,SCHEDULED
8,2026-10-25,00:00,Genoa,Venezia,SCHEDULED
9,2026-10-28,00:00,Milan,Bologna,SCHEDULED
9,2026-10-28,00:00,Venezia,Inter,SCHEDULED
9,2026-10-28,00:00,Fiorentina,Atalanta,SCHEDULED
9,2026-10-28,00:00,Genoa,Juventus,SCHEDULED
9,2026-10-28,00:00,Parma,Udinese,SCHEDULED
9,2026-10-28,00:00,Monza,Napoli,SCHEDULED
9,2026-10-28,00:00,Roma,Cagliari,SCHEDULED
9,2026-10-28,00:00,Sassuolo,Lazio,SCHEDULED
9,2026-10-28,00:00,Torino,Como,SCHEDULED
9,2026-10-28,00:00,Frosinone,Lecce,SCHEDULED
10,2026-11-01,00:00,Bologna,Monza,SCHEDULED
10,2026-11-01,00:00,Lecce,Genoa,SCHEDULED
10,2026-11-01,00:00,Sassuolo,Fiorentina,SCHEDULED
10,2026-11-01,00:00,Udinese,Roma,SCHEDULED
10,2026-11-01,00:00,Como,Venezia,SCHEDULED
10,2026-11-01,00:00,Frosinone,Torino,SCHEDULED
10,2026-11-01,00:00,Atalanta,Parma,SCHEDULED
10,2026-11-01,00:00,Lazio,Cagliari,SCHEDULED
10,2026-11-01,00:00,Juventus,Napoli,SCHEDULED
10,2026-11-01,00:00,Milan,Inter,SCHEDULED
11,2026-11-08,00:00,Fiorentina,Juventus,SCHEDULED
11,2026-11-08,00:00,Inter,Como,SCHEDULED
11,2026-11-08,00:00,Roma,Sassuolo,SCHEDULED
11,2026-11-08,00:00,Torino,Lecce,SCHEDULED
11,2026-11-08,00:00,Napoli,Lazio,SCHEDULED
11,2026-11-08,00:00,Cagliari,Frosinone,SCHEDULED
11,2026-11-08,00:00,Parma,Bologna,SCHEDULED
11,2026-11-08,00:00,Genoa,Milan,SCHEDULED
11,2026-11-08,00:00,Venezia,Udinese,SCHEDULED
11,2026-11-08,00:00,Monza,Atalanta,SCHEDULED
12,2026-11-22,00:00,Monza,Fiorentina,SCHEDULED
12,2026-11-22,00:00,Atalanta,Inter,SCHEDULED
12,2026-11-22,00:00,Juventus,Venezia,SCHEDULED
12,2026-11-22,00:00,Bologna,Udinese,SCHEDULED
12,2026-11-22,00:00,Milan,Frosinone,SCHEDULED
12,2026-11-22,00:00,Sassuolo,Genoa,SCHEDULED
12,2026-11-22,00:00,Como,Cagliari,SCHEDULED
12,2026-11-22,00:00,Parma,Roma,SCHEDULED
12,2026-11-22,00:00,Napoli,Torino,SCHEDULED
12,2026-11-22,00:00,Lazio,Lecce,SCHEDULED
13,2026-11-29,00:00,Sassuolo,Napoli,SCHEDULED
13,2026-11-29,00:00,Cagliari,Milan,SCHEDULED
13,2026-11-29,00:00,Como,Juventus,SCHEDULED
13,2026-11-29,00:00,Roma,Monza,SCHEDULED
13,2026-11-29,00:00,Frosinone,Parma,SCHEDULED
13,2026-11-29,00:00,Torino,Lazio,SCHEDULED
13,2026-11-29,00:00,Venezia,Bologna,SCHEDULED
13,2026-11-29,00:00,Lecce,Atalanta,SCHEDULED
13,2026-11-29,00:00,Udinese,Fiorentina,SCHEDULED
13,2026-11-29,00:00,Inter,Genoa,SCHEDULED
14,2026-12-06,00:00,Genoa,Torino,SCHEDULED
14,2026-12-06,00:00,Juventus,Udinese,SCHEDULED
14,2026-12-06,00:00,Frosinone,Inter,SCHEDULED
14,2026-12-06,00:00,Bologna,Roma,SCHEDULED
14,2026-12-06,00:00,Fiorentina,Cagliari,SCHEDULED
14,2026-12-06,00:00,Lazio,Atalanta,SCHEDULED
14,2026-12-06,00:00,Milan,Parma,SCHEDULED
14,2026-12-06,00:00,Venezia,Sassuolo,SCHEDULED
14,2026-12-06,00:00,Monza,Como,SCHEDULED
14,2026-12-06,00:00,Napoli,Lecce,SCHEDULED
15,2026-12-13,00:00,Napoli,Milan,SCHEDULED
15,2026-12-13,00:00,Como,Bologna,SCHEDULED
15,2026-12-13,00:00,Udinese,Frosinone,SCHEDULED
15,2026-12-13,00:00,Lecce,Sassuolo,SCHEDULED
15,2026-12-13,00:00,Parma,Fiorentina,SCHEDULED
15,2026-12-13,00:00,Cagliari,Venezia,SCHEDULED
15,2026-12-13,00:00,Inter,Torino,SCHEDULED
15,2026-12-13,00:00,Juventus,Monza,SCHEDULED
15,2026-12-13,00:00,Atalanta,Genoa,SCHEDULED
15,2026-12-13,00:00,Lazio,Roma,SCHEDULED
16,2026-12-20,00:00,Milan,Como,SCHEDULED
16,2026-12-20,00:00,Sassuolo,Parma,SCHEDULED
16,2026-12-20,00:00,Roma,Juventus,SCHEDULED
16,2026-12-20,00:00,Frosinone,Lazio,SCHEDULED
16,2026-12-20,00:00,Atalanta,Napoli,SCHEDULED
16,2026-12-20,00:00,Fiorentina,Bologna,SCHEDULED
16,2026-12-20,00:00,Genoa,Udinese,SCHEDULED
16,2026-12-20,00:00,Lecce,Inter,SCHEDULED
16,2026-12-20,00:00,Torino,Cagliari,SCHEDULED
16,2026-12-20,00:00,Venezia,Monza,SCHEDULED
17,2027-01-03,00:00,Udinese,Atalanta,SCHEDULED
17,2027-01-03,00:00,Como,Lecce,SCHEDULED
17,2027-01-03,00:00,Roma,Frosinone,SCHEDULED
17,2027-01-03,00:00,Parma,Napoli,SCHEDULED
17,2027-01-03,00:00,Cagliari,Genoa,SCHEDULED
17,2027-01-03,00:00,Torino,Venezia,SCHEDULED
17,2027-01-03,00:00,Monza,Milan,SCHEDULED
17,2027-01-03,00:00,Inter,Sassuolo,SCHEDULED
17,2027-01-03,00:00,Bologna,Juventus,SCHEDULED
17,2027-01-03,00:00,Fiorentina,Lazio,SCHEDULED
18,2027-01-06,00:00,Frosinone,Bologna,SCHEDULED
18,2027-01-06,00:00,Sassuolo,Udinese,SCHEDULED
18,2027-01-06,00:00,Genoa,Monza,SCHEDULED
18,2027-01-06,00:00,Venezia,Roma,SCHEDULED
18,2027-01-06,00:00,Napoli,Cagliari,SCHEDULED
18,2027-01-06,00:00,Milan,Fiorentina,SCHEDULED
18,2027-01-06,00:00,Juventus,Torino,SCHEDULED
18,2027-01-06,00:00,Atalanta,Como,SCHEDULED
18,2027-01-06,00:00,Lazio,Inter,SCHEDULED
18,2027-01-06,00:00,Lecce,Parma,SCHEDULED
19,2027-01-10,00:00,Fiorentina,Lecce,SCHEDULED
19,2027-01-10,00:00,Udinese,Napoli,SCHEDULED
19,2027-01-10,00:00,Torino,Atalanta,SCHEDULED
19,2027-01-10,00:00,Monza,Frosinone,SCHEDULED
19,2027-01-10,00:00,Inter,Juventus,SCHEDULED
19,2027-01-10,00:00,Parma,Venezia,SCHEDULED
19,2027-01-10,00:00,Bologna,Genoa,SCHEDULED
19,2027-01-10,00:00,Cagliari,Sassuolo,SCHEDULED
19,2027-01-10,00:00,Como,Lazio,SCHEDULED
19,2027-01-10,00:00,Roma,Milan,SCHEDULED
20,2027-01-17,00:00,Milan,Torino,SCHEDULED
20,2027-01-17,00:00,Parma,Inter,SCHEDULED
20,2027-01-17,00:00,Juventus,Genoa,SCHEDULED
20,2027-01-17,00:00,Lecce,Udinese,SCHEDULED
20,2027-01-17,00:00,Cagliari,Como,SCHEDULED
20,2027-01-17,00:00,Sassuolo,Monza,SCHEDULED
20,2027-01-17,00:00,Napoli,Fiorentina,SCHEDULED
20,2027-01-17,00:00,Lazio,Bologna,SCHEDULED
20,2027-01-17,00:00,Venezia,Frosinone,SCHEDULED
20,2027-01-17,00:00,Atalanta,Roma,SCHEDULED
21,2027-01-24,00:00,Lecce,Torino,SCHEDULED
21,2027-01-24,00:00,Juventus,Cagliari,SCHEDULED
21,2027-01-24,00:00,Inter,Venezia,SCHEDULED
21,2027-01-24,00:00,Fiorentina,Sassuolo,SCHEDULED
21,2027-01-24,00:00,Frosinone,Milan,SCHEDULED
21,2027-01-24,00:00,Roma,Udinese,SCHEDULED
21,2027-01-24,00:00,Bologna,Atalanta,SCHEDULED
21,2027-01-24,00:00,Genoa,Parma,SCHEDULED
21,2027-01-24,00:00,Como,Napoli,SCHEDULED
21,2027-01-24,00:00,Monza,Lazio,SCHEDULED
22,2027-01-31,00:00,Milan,Juventus,SCHEDULED
22,2027-01-31,00:00,Monza,Roma,SCHEDULED
22,2027-01-31,00:00,Torino,Frosinone,SCHEDULED
22,2027-01-31,00:00,Udinese,Bologna,SCHEDULED
22,2027-01-31,00:00,Sassuolo,Como,SCHEDULED
22,2027-01-31,00:00,Genoa,Lecce,SCHEDULED
22,2027-01-31,00:00,Cagliari,Parma,SCHEDULED
22,2027-01-31,00:00,Atalanta,Fiorentina,SCHEDULED
22,2027-01-31,00:00,Lazio,Venezia,SCHEDULED
22,2027-01-31,00:00,Napoli,Inter,SCHEDULED
23,2027-02-07,00:00,Juventus,Sassuolo,SCHEDULED
23,2027-02-07,00:00,Inter,Cagliari,SCHEDULED
23,2027-02-07,00:00,Como,Monza,SCHEDULED
23,2027-02-07,00:00,Lecce,Napoli,SCHEDULED
23,2027-02-07,00:00,Venezia,Genoa,SCHEDULED
23,2027-02-07,00:00,Roma,Torino,SCHEDULED
23,2027-02-07,00:00,Atalanta,Lazio,SCHEDULED
23,2027-02-07,00:00,Parma,Frosinone,SCHEDULED
23,2027-02-07,00:00,Bologna,Milan,SCHEDULED
23,2027-02-07,00:00,Fiorentina,Udinese,SCHEDULED
24,2027-02-14,00:00,Napoli,Juventus,SCHEDULED
24,2027-02-14,00:00,Monza,Lecce,SCHEDULED
24,2027-02-14,00:00,Torino,Sassuolo,SCHEDULED
24,2027-02-14,00:00,Frosinone,Fiorentina,SCHEDULED
24,2027-02-14,00:00,Bologna,Como,SCHEDULED
24,2027-02-14,00:00,Roma,Parma,SCHEDULED
24,2027-02-14,00:00,Udinese,Venezia,SCHEDULED
24,2027-02-14,00:00,Genoa,Atalanta,SCHEDULED
24,2027-02-14,00:00,Cagliari,Lazio,SCHEDULED
24,2027-02-14,00:00,Inter,Milan,SCHEDULED
25,2027-02-21,00:00,Como,Torino,SCHEDULED
25,2027-02-21,00:00,Atalanta,Monza,SCHEDULED
25,2027-02-21,00:00,Udinese,Parma,SCHEDULED
25,2027-02-21,00:00,Juventus,Bologna,SCHEDULED
25,2027-02-21,00:00,Fiorentina,Inter,SCHEDULED
25,2027-02-21,00:00,Sassuolo,Roma,SCHEDULED
25,2027-02-21,00:00,Milan,Genoa,SCHEDULED
25,2027-02-21,00:00,Venezia,Cagliari,SCHEDULED
25,2027-02-21,00:00,Lecce,Frosinone,SCHEDULED
25,2027-02-21,00:00,Lazio,Napoli,SCHEDULED
26,2027-02-28,00:00,Inter,Atalanta,SCHEDULED
26,2027-02-28,00:00,Cagliari,Udinese,SCHEDULED
26,2027-02-28,00:00,Parma,Sassuolo,SCHEDULED
26,2027-02-28,00:00,Genoa,Lazio,SCHEDULED
26,2027-02-28,00:00,Roma,Venezia,SCHEDULED
26,2027-02-28,00:00,Como,Milan,SCHEDULED
26,2027-02-28,00:00,Torino,Fiorentina,SCHEDULED
26,2027-02-28,00:00,Bologna,Lecce,SCHEDULED
26,2027-02-28,00:00,Monza,Juventus,SCHEDULED
26,2027-02-28,00:00,Frosinone,Napoli,SCHEDULED
27,2027-03-07,00:00,Udinese,Inter,SCHEDULED
27,2027-03-07,00:00,Atalanta,Torino,SCHEDULED
27,2027-03-07,00:00,Napoli,Parma,SCHEDULED
27,2027-03-07,00:00,Lecce,Como,SCHEDULED
27,2027-03-07,00:00,Lazio,Frosinone,SCHEDULED
27,2027-03-07,00:00,Sassuolo,Bologna,SCHEDULED
27,2027-03-07,00:00,Monza,Genoa,SCHEDULED
27,2027-03-07,00:00,Fiorentina,Venezia,SCHEDULED
27,2027-03-07,00:00,Milan,Cagliari,SCHEDULED
27,2027-03-07,00:00,Juventus,Roma,SCHEDULED
28,2027-03-14,00:00,Bologna,Napoli,SCHEDULED
28,2027-03-14,00:00,Cagliari,Fiorentina,SCHEDULED
28,2027-03-14,00:00,Milan,Sassuolo,SCHEDULED
28,2027-03-14,00:00,Genoa,Roma,SCHEDULED
28,2027-03-14,00:00,Parma,Lecce,SCHEDULED
28,2027-03-14,00:00,Torino,Inter,SCHEDULED
28,2027-03-14,00:00,Frosinone,Monza,SCHEDULED
28,2027-03-14,00:00,Como,Udinese,SCHEDULED
28,2027-03-14,00:00,Lazio,Juventus,SCHEDULED
28,2027-03-14,00:00,Venezia,Atalanta,SCHEDULED
29,2027-03-21,00:00,Napoli,Venezia,SCHEDULED
29,2027-03-21,00:00,Udinese,Torino,SCHEDULED
29,2027-03-21,00:00,Juventus,Como,SCHEDULED
29,2027-03-21,00:00,Fiorentina,Genoa,SCHEDULED
29,2027-03-21,00:00,Parma,Lazio,SCHEDULED
29,2027-03-21,00:00,Sassuolo,Cagliari,SCHEDULED
29,2027-03-21,00:00,Monza,Bologna,SCHEDULED
29,2027-03-21,00:00,Inter,Frosinone,SCHEDULED
29,2027-03-21,00:00,Roma,Lecce,SCHEDULED
29,2027-03-21,00:00,Atalanta,Milan,SCHEDULED
30,2027-04-04,00:00,Lecce,Lazio,SCHEDULED
30,2027-04-04,00:00,Cagliari,Napoli,SCHEDULED
30,2027-04-04,00:00,Como,Fiorentina,SCHEDULED
30,2027-04-04,00:00,Sassuolo,Atalanta,SCHEDULED
30,2027-04-04,00:00,Roma,Bologna,SCHEDULED
30,2027-04-04,00:00,Milan,Monza,SCHEDULED
30,2027-04-04,00:00,Genoa,Inter,SCHEDULED
30,2027-04-04,00:00,Torino,Juventus,SCHEDULED
30,2027-04-04,00:00,Venezia,Parma,SCHEDULED
30,2027-04-04,00:00,Frosinone,Udinese,SCHEDULED
31,2027-04-11,00:00,Juventus,Lecce,SCHEDULED
31,2027-04-11,00:00,Napoli,Sassuolo,SCHEDULED
31,2027-04-11,00:00,Fiorentina,Milan,SCHEDULED
31,2027-04-11,00:00,Lazio,Torino,SCHEDULED
31,2027-04-11,00:00,Cagliari,Atalanta,SCHEDULED
31,2027-04-11,00:00,Parma,Como,SCHEDULED
31,2027-04-11,00:00,Bologna,Venezia,SCHEDULED
31,2027-04-11,00:00,Frosinone,Genoa,SCHEDULED
31,2027-04-11,00:00,Inter,Roma,SCHEDULED
31,2027-04-11,00:00,Udinese,Monza,SCHEDULED
32,2027-04-18,00:00,Monza,Inter,SCHEDULED
32,2027-04-18,00:00,Fiorentina,Parma,SCHEDULED
32,2027-04-18,00:00,Roma,Lazio,SCHEDULED
32,2027-04-18,00:00,Como,Frosinone,SCHEDULED
32,2027-04-18,00:00,Sassuolo,Lecce,SCHEDULED
32,2027-04-18,00:00,Bologna,Cagliari,SCHEDULED
32,2027-04-18,00:00,Atalanta,Udinese,SCHEDULED
32,2027-04-18,00:00,Venezia,Juventus,SCHEDULED
32,2027-04-18,00:00,Milan,Napoli,SCHEDULED
32,2027-04-18,00:00,Torino,Genoa,SCHEDULED
33,2027-04-25,00:00,Frosinone,Roma,SCHEDULED
33,2027-04-25,00:00,Cagliari,Monza,SCHEDULED
33,2027-04-25,00:00,Napoli,Udinese,SCHEDULED
33,2027-04-25,00:00,Parma,Atalanta,SCHEDULED
33,2027-04-25,00:00,Lazio,Como,SCHEDULED
33,2027-04-25,00:00,Juventus,Fiorentina,SCHEDULED
33,2027-04-25,00:00,Genoa,Sassuolo,SCHEDULED
33,2027-04-25,00:00,Lecce,Milan,SCHEDULED
33,2027-04-25,00:00,Venezia,Torino,SCHEDULED
33,2027-04-25,00:00,Inter,Bologna,SCHEDULED
34,2027-05-02,00:00,Atalanta,Juventus,SCHEDULED
34,2027-05-02,00:00,Torino,Parma,SCHEDULED
34,2027-05-02,00:00,Milan,Lazio,SCHEDULED
34,2027-05-02,00:00,Udinese,Genoa,SCHEDULED
34,2027-05-02,00:00,Sassuolo,Frosinone,SCHEDULED
34,2027-05-02,00:00,Bologna,Fiorentina,SCHEDULED
34,2027-05-02,00:00,Como,Inter,SCHEDULED
34,2027-05-02,00:00,Monza,Venezia,SCHEDULED
34,2027-05-02,00:00,Lecce,Cagliari,SCHEDULED
34,2027-05-02,00:00,Roma,Napoli,SCHEDULED
35,2027-05-09,00:00,Parma,Milan,SCHEDULED
35,2027-05-09,00:00,Genoa,Cagliari,SCHEDULED
35,2027-05-09,00:00,Lazio,Sassuolo,SCHEDULED
35,2027-05-09,00:00,Napoli,Monza,SCHEDULED
35,2027-05-09,00:00,Inter,Lecce,SCHEDULED
35,2027-05-09,00:00,Venezia,Como,SCHEDULED
35,2027-05-09,00:00,Udinese,Juventus,SCHEDULED
35,2027-05-09,00:00,Torino,Bologna,SCHEDULED
35,2027-05-09,00:00,Frosinone,Atalanta,SCHEDULED
35,2027-05-09,00:00,Fiorentina,Roma,SCHEDULED
36,2027-05-16,00:00,Napoli,Genoa,SCHEDULED
36,2027-05-16,00:00,Lecce,Fiorentina,SCHEDULED
36,2027-05-16,00:00,Lazio,Udinese,SCHEDULED
36,2027-05-16,00:00,Bologna,Frosinone,SCHEDULED
36,2027-05-16,00:00,Como,Atalanta,SCHEDULED
36,2027-05-16,00:00,Juventus,Inter,SCHEDULED
36,2027-05-16,00:00,Sassuolo,Venezia,SCHEDULED
36,2027-05-16,00:00,Monza,Parma,SCHEDULED
36,2027-05-16,00:00,Milan,Roma,SCHEDULED
36,2027-05-16,00:00,Cagliari,Torino,SCHEDULED
37,2027-05-23,00:00,Roma,Como,SCHEDULED
37,2027-05-23,00:00,Parma,Juventus,SCHEDULED
37,2027-05-23,00:00,Torino,Napoli,SCHEDULED
37,2027-05-23,00:00,Atalanta,Lecce,SCHEDULED
37,2027-05-23,00:00,Inter,Lazio,SCHEDULED
37,2027-05-23,00:00,Udinese,Sassuolo,SCHEDULED
37,2027-05-23,00:00,Frosinone,Cagliari,SCHEDULED
37,2027-05-23,00:00,Fiorentina,Monza,SCHEDULED
37,2027-05-23,00:00,Venezia,Milan,SCHEDULED
37,2027-05-23,00:00,Genoa,Bologna,SCHEDULED
38,2027-05-30,00:00,Milan,Udinese,SCHEDULED
38,2027-05-30,00:00,Juventus,Frosinone,SCHEDULED
38,2027-05-30,00:00,Monza,Torino,SCHEDULED
38,2027-05-30,00:00,Sassuolo,Inter,SCHEDULED
38,2027-05-30,00:00,Cagliari,Roma,SCHEDULED
38,2027-05-30,00:00,Lazio,Fiorentina,SCHEDULED
38,2027-05-30,00:00,Como,Genoa,SCHEDULED
38,2027-05-30,00:00,Napoli,Atalanta,SCHEDULED
38,2027-05-30,00:00,Lecce,Venezia,SCHEDULED
38,2027-05-30,00:00,Bologna,Parma,SCHEDULED
