date_elo,team_elo,elo
1947-09-14,Salernitana,1582.15625
1947-09-22,Salernitana,1594.87255859
1947-09-29,Salernitana,1591.05407715
1947-10-06,Salernitana,1594.14746094
1947-10-13,Salernitana,1602.05383301
1947-10-20,Salernitana,1607.63220215
1947-10-27,Salernitana,1604.43688965
1947-11-03,Salernitana,1603.0189209
1947-11-16,Salernitana,1574.0189209
1947-11-17,Salernitana,1571.89404297
1947-11-24,Salernitana,1577.42529297
1947-12-01,Salernitana,1587.55432129
1947-12-08,Salernitana,1582.78857422
1947-12-19,Salernitana,1586.78857422
1947-12-22,Salernitana,1593.01501465
1947-12-29,Salernitana,1587.87158203
1948-01-02,Salernitana,1601.27429199
1948-01-05,Salernitana,1588.16650391
1948-01-12,Salernitana,1586.16674805
1948-01-19,Salernitana,1588.63964844
1948-01-26,Salernitana,1583.58032227
1948-02-02,Salernitana,1574.5390625
1948-02-09,Salernitana,1572.72802734
1948-02-23,Salernitana,1568.77722168
1948-03-01,Salernitana,1575.65979004
1948-03-08,Salernitana,1573.74560547
1948-03-15,Salernitana,1569.48400879
1948-03-22,Salernitana,1575.92871094
1948-03-29,Salernitana,1586.44702148
1948-04-06,Salernitana,1592.44702148
1948-04-12,Salernitana,1597.88952637
1948-04-18,Salernitana,1591.62243652
1948-04-26,Salernitana,1591.51049805
1948-05-03,Salernitana,1589.54187012
1948-05-07,Salernitana,1600.29296875
1948-05-10,Salernitana,1595.25976562
1948-05-18,Salernitana,1568.25976562
1948-05-24,Salernitana,1574.25549316
1948-05-28,Salernitana,1570.55615234
1948-05-31,Salernitana,1565.03833008
1948-06-07,Salernitana,1574.11779785
1948-06-14,Salernitana,1572.20385742
1948-06-21,Salernitana,1581.91503906
1948-06-28,Salernitana,1578.57312012
1948-07-05,Salernitana,1584.17687988
1948-09-20,Salernitana,1578.99536133
1948-09-27,Salernitana,1589.95483398
1948-10-04,Salernitana,1593.15991211
1948-10-11,Salernitana,1596.08398438
1948-10-18,Salernitana,1587.64904785
1948-10-25,Salernitana,1578.20251465
1948-11-01,Salernitana,1583.97888184
1948-11-05,Salernitana,1571.80664062
1948-11-08,Salernitana,1570.140625
1948-11-15,Salernitana,1571.14807129
1948-11-22,Salernitana,1576.65356445
1948-11-29,Salernitana,1581.59265137
1948-12-06,Salernitana,1581.4342041
1948-12-13,Salernitana,1575.29016113
1948-12-20,Salernitana,1565.9432373
1948-12-27,Salernitana,1569.99145508
1948-12-31,Salernitana,1574.68933105
1949-01-03,Salernitana,1576.1105957
1949-01-07,Salernitana,1580.79968262
1949-01-10,Salernitana,1577.25195312
1949-01-17,Salernitana,1564.92248535
1949-01-24,Salernitana,1568.37902832
1949-01-31,Salernitana,1571.50195312
1949-02-07,Salernitana,1564.73510742
1949-02-14,Salernitana,1558.79223633
1949-02-21,Salernitana,1568.19421387
1949-03-06,Salernitana,1570.19421387
1949-03-07,Salernitana,1574.53515625
1949-03-14,Salernitana,1584.85925293
1949-03-21,Salernitana,1588.27160645
1949-04-03,Salernitana,1600.27160645
1949-04-04,Salernitana,1596.75561523
1949-04-11,Salernitana,1598.72375488
1949-04-18,Salernitana,1592.30847168
1949-04-25,Salernitana,1586.98132324
1949-05-02,Salernitana,1589.86584473
1949-05-09,Salernitana,1581.29431152
1949-05-16,Salernitana,1585.84814453
1949-05-26,Salernitana,1591.84814453
1949-05-30,Salernitana,1585.57861328
1949-06-06,Salernitana,1573.87084961
1949-06-13,Salernitana,1579.24060059
1949-06-17,Salernitana,1575.24060059
1949-06-20,Salernitana,1562.95178223
1949-06-27,Salernitana,1572.61914062
1949-06-30,Salernitana,1484.42675781
1949-07-03,Salernitana,1490.76416016
1949-07-04,Salernitana,1494.66125488
1949-09-12,Salernitana,1499.26928711
1949-09-19,Salernitana,1493.48071289
1949-09-26,Salernitana,1488.2298584
1949-10-03,Salernitana,1493.39257812
1949-10-10,Salernitana,1494.9173584
1949-10-17,Salernitana,1490.19104004
1949-10-24,Salernitana,1494.9576416
1949-10-31,Salernitana,1490.02697754
1949-11-07,Salernitana,1507.53271484
1949-11-14,Salernitana,1514.15966797
1949-11-21,Salernitana,1510.45996094
1949-11-28,Salernitana,1504.71081543
1949-12-05,Salernitana,1507.11315918
1949-12-09,Salernitana,1500.17626953
1949-12-12,Salernitana,1494.51745605
1949-12-19,Salernitana,1488.40319824
1949-12-27,Salernitana,1492.81066895
1950-01-02,Salernitana,1494.91564941
1950-01-09,Salernitana,1490.22680664
1950-01-16,Salernitana,1474.74206543
1950-01-23,Salernitana,1479.17553711
1950-01-30,Salernitana,1483.41064453
1950-02-06,Salernitana,1479.31774902
1950-02-13,Salernitana,1467.15893555
1950-02-20,Salernitana,1463.17456055
1950-02-27,Salernitana,1455.0559082
1950-03-13,Salernitana,1459.32739258
1950-03-20,Salernitana,1455.09997559
1950-03-27,Salernitana,1457.88635254
1950-04-03,Salernitana,1463.96142578
1950-04-10,Salernitana,1461.88427734
1950-04-17,Salernitana,1460.44873047
1950-04-24,Salernitana,1455.79528809
1950-05-01,Salernitana,1450.29003906
1950-05-08,Salernitana,1440.59814453
1950-05-15,Salernitana,1435.8157959
1950-05-22,Salernitana,1430.84924316
1950-05-29,Salernitana,1424.59350586
1950-06-05,Salernitana,1439.04760742
1950-06-12,Salernitana,1445.77526855
1950-06-15,Salernitana,1418.83691406
1950-06-17,Salernitana,1403.45361328
1950-06-19,Salernitana,1416.64978027
1950-06-26,Salernitana,1412.20349121
1950-09-11,Salernitana,1416.22753906
1950-09-18,Salernitana,1413.22216797
1950-09-25,Salernitana,1417.05651855
1950-10-02,Salernitana,1411.45422363
1950-10-09,Salernitana,1414.9597168
1950-10-16,Salernitana,1411.36242676
1950-10-23,Salernitana,1414.39135742
1950-10-30,Salernitana,1411.2800293
1950-11-06,Salernitana,1417.58850098
1950-11-13,Salernitana,1421.26245117
1950-11-20,Salernitana,1429.02429199
1950-11-27,Salernitana,1423.82312012
1950-12-04,Salernitana,1420.68347168
1950-12-11,Salernitana,1414.61096191
1950-12-18,Salernitana,1407.56811523
1950-12-25,Salernitana,1401.52001953
1951-01-08,Salernitana,1406.33544922
1951-01-15,Salernitana,1404.65185547
1951-01-22,Salernitana,1408.67004395
1951-01-29,Salernitana,1411.85986328
1951-02-05,Salernitana,1407.02929688
1951-02-12,Salernitana,1410.16967773
1951-02-19,Salernitana,1420.1887207
1951-02-26,Salernitana,1414.77209473
1951-03-05,Salernitana,1405.78613281
1951-03-12,Salernitana,1410.59997559
1951-03-19,Salernitana,1404.55078125
1951-03-26,Salernitana,1381.52514648
1951-04-02,Salernitana,1377.92663574
1951-04-09,Salernitana,1385.24060059
1951-04-16,Salernitana,1392.09973145
1951-04-23,Salernitana,1371.00061035
1951-04-30,Salernitana,1378.68444824
1951-05-07,Salernitana,1373.99633789
1951-05-14,Salernitana,1390.53894043
1951-05-21,Salernitana,1393.90673828
1951-06-04,Salernitana,1388.85900879
1951-06-11,Salernitana,1396.44946289
1951-06-18,Salernitana,1400.8157959
1951-06-21,Salernitana,1424.16870117
1951-06-25,Salernitana,1432.34143066
1951-09-10,Salernitana,1437.92138672
1951-09-17,Salernitana,1449.25720215
1951-09-24,Salernitana,1454.60559082
1951-10-01,Salernitana,1450.93652344
1951-10-08,Salernitana,1437.09802246
1951-10-15,Salernitana,1429.50317383
1951-10-22,Salernitana,1434.60888672
1951-10-29,Salernitana,1439.97692871
1951-11-05,Salernitana,1428.62268066
1951-11-19,Salernitana,1432.37414551
1951-12-03,Salernitana,1429.20837402
1951-12-10,Salernitana,1424.93920898
1951-12-17,Salernitana,1430.23010254
1951-12-24,Salernitana,1432.43505859
1951-12-31,Salernitana,1427.85632324
1952-01-07,Salernitana,1432.20471191
1952-01-14,Salernitana,1427.41149902
1952-01-21,Salernitana,1431.37121582
1952-01-28,Salernitana,1427.39111328
1952-02-04,Salernitana,1420.83862305
1952-02-11,Salernitana,1425.81933594
1952-02-18,Salernitana,1415.51818848
1952-03-03,Salernitana,1419.54467773
1952-03-10,Salernitana,1433.46472168
1952-03-17,Salernitana,1437.83215332
1952-03-24,Salernitana,1450.11242676
1952-03-31,Salernitana,1440.2878418
1952-04-07,Salernitana,1436.62451172
1952-04-14,Salernitana,1442.39929199
1952-04-21,Salernitana,1441.50170898
1952-04-28,Salernitana,1434.69445801
1952-05-05,Salernitana,1439.23706055
1952-05-12,Salernitana,1442.44592285
1952-05-26,Salernitana,1446.27087402
1952-06-02,Salernitana,1457.08215332
1952-06-09,Salernitana,1446.57653809
1952-06-16,Salernitana,1441.55700684
1952-06-23,Salernitana,1445.3861084
1952-06-27,Salernitana,1414.5958252
1952-06-29,Salernitana,1422.53405762
1952-09-15,Salernitana,1429.77185059
1952-09-22,Salernitana,1428.07287598
1952-09-29,Salernitana,1419.61022949
1952-10-06,Salernitana,1416.56201172
1952-10-13,Salernitana,1413.22924805
1952-10-20,Salernitana,1409.21008301
1952-11-03,Salernitana,1414.78198242
1952-11-10,Salernitana,1400.25476074
1952-11-17,Salernitana,1407.54187012
1952-11-24,Salernitana,1398.4420166
1952-12-01,Salernitana,1411.26342773
1952-12-08,Salernitana,1407.1159668
1952-12-15,Salernitana,1403.07641602
1952-12-22,Salernitana,1398.80908203
1953-01-05,Salernitana,1394.36547852
1953-01-12,Salernitana,1391.35437012
1953-01-19,Salernitana,1396.2310791
1953-01-26,Salernitana,1401.48815918
1953-02-02,Salernitana,1397.40148926
1953-02-09,Salernitana,1405.48852539
1953-02-16,Salernitana,1410.44885254
1953-02-23,Salernitana,1404.75073242
1953-03-02,Salernitana,1408.88647461
1953-03-09,Salernitana,1406.44482422
1953-03-16,Salernitana,1411.31103516
1953-03-23,Salernitana,1417.69372559
1953-03-30,Salernitana,1426.89868164
1953-04-06,Salernitana,1433.046875
1953-04-13,Salernitana,1422.15881348
1953-04-20,Salernitana,1425.38110352
1953-05-04,Salernitana,1429.69262695
1953-05-11,Salernitana,1434.49304199
1953-05-25,Salernitana,1425.98168945
1953-06-01,Salernitana,1421.55334473
1953-06-05,Salernitana,1431.88342285
1953-06-08,Salernitana,1395.95397949
1953-09-14,Salernitana,1401.80249023
1953-09-21,Salernitana,1407.98657227
1953-09-28,Salernitana,1400.91967773
1953-10-05,Salernitana,1404.77392578
1953-10-12,Salernitana,1418.47180176
1953-10-19,Salernitana,1422.98535156
1953-10-26,Salernitana,1429.03430176
1953-11-02,Salernitana,1433.49536133
1953-11-09,Salernitana,1429.92419434
1953-11-23,Salernitana,1422.1784668
1953-11-30,Salernitana,1410.88232422
1953-12-07,Salernitana,1415.23657227
1953-12-21,Salernitana,1406.88464355
1953-12-28,Salernitana,1401.7331543
1954-01-04,Salernitana,1405.08691406
1954-01-11,Salernitana,1399.12512207
1954-01-18,Salernitana,1393.72888184
1954-02-01,Salernitana,1379.38049316
1954-02-08,Salernitana,1374.04882812
1954-02-15,Salernitana,1379.22412109
1954-02-22,Salernitana,1372.19970703
1954-03-01,Salernitana,1378.62731934
1954-03-08,Salernitana,1383.31652832
1954-03-15,Salernitana,1382.69677734
1954-03-22,Salernitana,1389.64587402
1954-03-29,Salernitana,1385.17785645
1954-04-05,Salernitana,1382.03100586
1954-04-19,Salernitana,1376.6418457
1954-04-26,Salernitana,1368.32495117
1954-05-03,Salernitana,1373.85571289
1954-05-10,Salernitana,1378.35229492
1954-05-17,Salernitana,1368.67919922
1954-05-24,Salernitana,1357.91601562
1954-05-31,Salernitana,1352.88769531
1954-09-20,Salernitana,1359.77050781
1954-09-27,Salernitana,1365.46557617
1954-10-04,Salernitana,1347.3170166
1954-10-11,Salernitana,1339.62524414
1954-10-18,Salernitana,1333.83178711
1954-10-25,Salernitana,1329.97436523
1954-11-01,Salernitana,1319.46533203
1954-11-08,Salernitana,1313.67651367
1954-11-15,Salernitana,1327.26696777
1954-11-22,Salernitana,1320.49487305
1954-12-13,Salernitana,1315.12280273
1954-12-20,Salernitana,1316.08569336
1954-12-27,Salernitana,1311.7734375
1955-01-03,Salernitana,1323.10241699
1955-01-10,Salernitana,1329.8770752
1955-01-24,Salernitana,1333.86975098
1955-01-31,Salernitana,1334.29541016
1955-02-07,Salernitana,1339.31298828
1955-02-14,Salernitana,1352.26013184
1955-02-21,Salernitana,1357.65795898
1955-02-28,Salernitana,1362.35644531
1955-03-07,Salernitana,1358.66320801
1955-03-14,Salernitana,1362.42773438
1955-03-21,Salernitana,1365.48864746
1955-04-04,Salernitana,1373.58032227
1955-04-11,Salernitana,1371.41357422
1955-04-18,Salernitana,1377.28723145
1955-04-25,Salernitana,1367.03491211
1955-05-02,Salernitana,1364.00683594
1955-05-09,Salernitana,1351.87561035
1955-05-16,Salernitana,1363.24353027
1955-05-23,Salernitana,1357.21582031
1955-06-06,Salernitana,1353.94348145
1955-06-13,Salernitana,1371.75390625
1955-06-24,Salernitana,1348.05456543
1955-06-26,Salernitana,1359.30004883
1955-09-19,Salernitana,1352.61047363
1955-09-26,Salernitana,1348.04296875
1955-10-03,Salernitana,1340.234375
1955-10-10,Salernitana,1327.83618164
1955-10-17,Salernitana,1321.87756348
1955-10-24,Salernitana,1319.49255371
1955-10-31,Salernitana,1304.70300293
1955-11-02,Salernitana,1275.87329102
1955-11-07,Salernitana,1266.70324707
1955-11-14,Salernitana,1271.64050293
1955-11-24,Salernitana,1308.90905762
1955-12-05,Salernitana,1309.47460938
1955-12-12,Salernitana,1299.87805176
1955-12-27,Salernitana,1304.35437012
1956-01-02,Salernitana,1311.81225586
1956-01-09,Salernitana,1317.0045166
1956-01-16,Salernitana,1314.24987793
1956-01-19,Salernitana,1330.71643066
1956-01-23,Salernitana,1337.23913574
1956-01-30,Salernitana,1334.83154297
1956-02-06,Salernitana,1340.82800293
1956-02-13,Salernitana,1371.01135254
1956-02-20,Salernitana,1369.09411621
1956-02-27,Salernitana,1366.65124512
1956-03-05,Salernitana,1361.94848633
1956-03-12,Salernitana,1352.15551758
1956-03-19,Salernitana,1344.44421387
1956-03-26,Salernitana,1340.51257324
1956-04-02,Salernitana,1345.67700195
1956-04-09,Salernitana,1336.82104492
1956-04-16,Salernitana,1334.5246582
1956-04-20,Salernitana,1330.41845703
1956-04-30,Salernitana,1337.24401855
1956-05-02,Salernitana,1329.23681641
1956-05-07,Salernitana,1326.78161621
1956-05-14,Salernitana,1328.96826172
1956-05-21,Salernitana,1334.5168457
1956-05-28,Salernitana,1334.20935059
1956-06-04,Salernitana,1329.85339355
1956-06-11,Salernitana,1351.33007812
1956-06-30,Salernitana,1360.13903809
1966-07-02,Salernitana,1448.64599609
1966-09-12,Salernitana,1436.40197754
1966-09-19,Salernitana,1432.90588379
1966-09-26,Salernitana,1429.69262695
1966-09-29,Salernitana,1428.46289062
1966-10-03,Salernitana,1442.39880371
1966-10-06,Salernitana,1428.79370117
1966-10-10,Salernitana,1433.06286621
1966-10-13,Salernitana,1436.28503418
1966-10-17,Salernitana,1441.82531738
1966-10-24,Salernitana,1443.45263672
1966-10-31,Salernitana,1435.47143555
1966-11-07,Salernitana,1440.86364746
1966-11-14,Salernitana,1445.86083984
1966-11-17,Salernitana,1445.27880859
1966-11-21,Salernitana,1449.13232422
1966-12-05,Salernitana,1454.56652832
1966-12-09,Salernitana,1463.89575195
1966-12-12,Salernitana,1473.25268555
1966-12-19,Salernitana,1466.03942871
1966-12-25,Salernitana,1461.37719727
1967-01-01,Salernitana,1452.2487793
1967-01-09,Salernitana,1444.42736816
1967-01-16,Salernitana,1442.71838379
1967-01-23,Salernitana,1448.56555176
1967-02-06,Salernitana,1443.26281738
1967-02-13,Salernitana,1450.6776123
1967-02-16,Salernitana,1451.13146973
1967-02-20,Salernitana,1458.50427246
1967-02-27,Salernitana,1454.77709961
1967-03-02,Salernitana,1467.51940918
1967-03-06,Salernitana,1473.0489502
1967-03-13,Salernitana,1464.26464844
1967-03-20,Salernitana,1462.20629883
1967-03-27,Salernitana,1460.03063965
1967-04-10,Salernitana,1467.53015137
1967-04-17,Salernitana,1462.9720459
1967-04-20,Salernitana,1459.92724609
1967-04-24,Salernitana,1449.99597168
1967-04-27,Salernitana,1453.00671387
1967-05-01,Salernitana,1445.7722168
1967-05-04,Salernitana,1447.2442627
1967-05-08,Salernitana,1441.11291504
1967-05-15,Salernitana,1431.96533203
1967-05-22,Salernitana,1422.76379395
1967-05-26,Salernitana,1415.67285156
1967-05-29,Salernitana,1409.55603027
1967-06-05,Salernitana,1399.90429688
1967-06-12,Salernitana,1396.62573242
1967-06-19,Salernitana,1389.01501465
1990-07-02,Salernitana,1502.28259277
1990-09-10,Salernitana,1500.09460449
1990-09-17,Salernitana,1512.4263916
1990-09-20,Salernitana,1510.84667969
1990-09-24,Salernitana,1510.8482666
1990-10-01,Salernitana,1515.67541504
1990-10-04,Salernitana,1531.50476074
1990-10-08,Salernitana,1536.44543457
1990-10-15,Salernitana,1535.1784668
1990-10-22,Salernitana,1539.95031738
1990-10-25,Salernitana,1531.62841797
1990-10-29,Salernitana,1538.49487305
1990-11-05,Salernitana,1532.9005127
1990-11-08,Salernitana,1551.80737305
1990-11-12,Salernitana,1548.44042969
1990-11-19,Salernitana,1546.41845703
1990-11-26,Salernitana,1549.61694336
1990-11-29,Salernitana,1549.47827148
1990-12-03,Salernitana,1544.99035645
1990-12-10,Salernitana,1538.04907227
1990-12-13,Salernitana,1545.59143066
1990-12-17,Salernitana,1550.27258301
1990-12-31,Salernitana,1555.06726074
1991-01-07,Salernitana,1560.37402344
1991-01-14,Salernitana,1559.98986816
1991-01-21,Salernitana,1554.5847168
1991-01-28,Salernitana,1558.08557129
1991-02-04,Salernitana,1566.8092041
1991-02-11,Salernitana,1561.55761719
1991-02-18,Salernitana,1541.81188965
1991-03-04,Salernitana,1539.42626953
1991-03-07,Salernitana,1537.96887207
1991-03-11,Salernitana,1534.29846191
1991-03-18,Salernitana,1543.89575195
1991-03-21,Salernitana,1530.4329834
1991-03-25,Salernitana,1522.33044434
1991-03-31,Salernitana,1520.09887695
1991-04-08,Salernitana,1523.46105957
1991-04-11,Salernitana,1521.63720703
1991-04-22,Salernitana,1525.31103516
1991-04-25,Salernitana,1526.30187988
1991-04-29,Salernitana,1523.40393066
1991-05-06,Salernitana,1514.89367676
1991-05-13,Salernitana,1515.7713623
1991-05-20,Salernitana,1514.18041992
1991-05-27,Salernitana,1509.05895996
1991-06-03,Salernitana,1517.09057617
1991-06-10,Salernitana,1523.62036133
1991-06-17,Salernitana,1532.63818359
1994-07-13,Salernitana,1517.20056152
1994-09-05,Salernitana,1527.66223145
1994-09-12,Salernitana,1521.74291992
1994-09-14,Salernitana,1519.24060059
1994-09-15,Salernitana,1513.59960938
1994-09-16,Salernitana,1513.6652832
1994-09-19,Salernitana,1511.39257812
1994-09-26,Salernitana,1522.67358398
1994-09-28,Salernitana,1526.19140625
1994-09-29,Salernitana,1526.90100098
1994-09-30,Salernitana,1524.20458984
1994-10-03,Salernitana,1517.4173584
1994-10-10,Salernitana,1506.37915039
1994-10-17,Salernitana,1500.35205078
1994-10-19,Salernitana,1501.97485352
1994-10-20,Salernitana,1500.72436523
1994-10-21,Salernitana,1501.53295898
1994-10-24,Salernitana,1506.88635254
1994-10-31,Salernitana,1517.31396484
1994-11-02,Salernitana,1518.39025879
1994-11-03,Salernitana,1518.81481934
1994-11-04,Salernitana,1518.73144531
1994-11-07,Salernitana,1534.90234375
1994-11-14,Salernitana,1546.59814453
1994-11-23,Salernitana,1545.40026855
1994-11-24,Salernitana,1537.86499023
1994-11-25,Salernitana,1537.47387695
1994-11-28,Salernitana,1557.13037109
1994-12-03,Salernitana,1551.43432617
1994-12-05,Salernitana,1549.29272461
1994-12-07,Salernitana,1552.50976562
1994-12-08,Salernitana,1555.38708496
1994-12-12,Salernitana,1549.96704102
1994-12-19,Salernitana,1557.55700684
1994-12-24,Salernitana,1548.75732422
1995-01-09,Salernitana,1549.83947754
1995-01-16,Salernitana,1553.2244873
1995-01-23,Salernitana,1552.48852539
1995-01-30,Salernitana,1556.86547852
1995-02-13,Salernitana,1546.61999512
1995-02-20,Salernitana,1555.67089844
1995-02-27,Salernitana,1561.25646973
1995-03-02,Salernitana,1564.01074219
1995-03-03,Salernitana,1561.22485352
1995-03-06,Salernitana,1572.10754395
1995-03-13,Salernitana,1585.46081543
1995-03-15,Salernitana,1586.14746094
1995-03-16,Salernitana,1587.18664551
1995-03-17,Salernitana,1588.53881836
1995-03-20,Salernitana,1582.49243164
1995-03-27,Salernitana,1587.49035645
1995-04-03,Salernitana,1600.58532715
1995-04-05,Salernitana,1599.84436035
1995-04-06,Salernitana,1602.47229004
1995-04-07,Salernitana,1601.75292969
1995-04-10,Salernitana,1607.3347168
1995-04-13,Salernitana,1607.3347168
1995-04-14,Salernitana,1607.3347168
1995-04-16,Salernitana,1610.47290039
1995-04-17,Salernitana,1610.47290039
1995-04-18,Salernitana,1610.47290039
1995-04-19,Salernitana,1618.02819824
1995-04-20,Salernitana,1619.36523438
1995-04-21,Salernitana,1618.0201416
1995-04-24,Salernitana,1614.0480957
1995-04-30,Salernitana,1614.0480957
1995-05-01,Salernitana,1616.36645508
1995-05-08,Salernitana,1612.27807617
1995-05-14,Salernitana,1612.27807617
1995-05-15,Salernitana,1625.28198242
1995-05-22,Salernitana,1632.90136719
1995-05-25,Salernitana,1629.23571777
1995-05-27,Salernitana,1629.23571777
1995-05-29,Salernitana,1634.54724121
1995-06-05,Salernitana,1629.19030762
1995-06-12,Salernitana,1625.32702637
1995-06-18,Salernitana,1625.32702637
1995-06-25,Salernitana,1625.32702637
1995-06-27,Salernitana,1625.32702637
1995-07-31,Salernitana,1625.32702637
1995-08-11,Salernitana,1625.32702637
1995-08-17,Salernitana,1625.32702637
1995-08-19,Salernitana,1625.32702637
1995-08-25,Salernitana,1625.32702637
1995-08-27,Salernitana,1625.32702637
1995-08-28,Salernitana,1630.01525879
1995-08-31,Salernitana,1630.01525879
1995-09-01,Salernitana,1630.01525879
1995-09-04,Salernitana,1630.84472656
1995-09-09,Salernitana,1630.84472656
1995-09-11,Salernitana,1625.92919922
1995-09-12,Salernitana,1625.92919922
1995-09-13,Salernitana,1626.2442627
1995-09-14,Salernitana,1630.42370605
1995-09-15,Salernitana,1630.43969727
1995-09-18,Salernitana,1646.77636719
1995-09-25,Salernitana,1640.20251465
1995-09-27,Salernitana,1631.83398438
1995-09-28,Salernitana,1632.60974121
1995-09-29,Salernitana,1632.61291504
1995-10-02,Salernitana,1644.77380371
1995-10-05,Salernitana,1644.77380371
1995-10-09,Salernitana,1636.7956543
1995-10-15,Salernitana,1636.7956543
1995-10-16,Salernitana,1640.3515625
1995-10-18,Salernitana,1640.32995605
1995-10-19,Salernitana,1640.73852539
1995-10-20,Salernitana,1634.22875977
1995-10-22,Salernitana,1634.22875977
1995-10-23,Salernitana,1638.46716309
1995-10-26,Salernitana,1638.46716309
1995-10-29,Salernitana,1638.46716309
1995-10-30,Salernitana,1632.10192871
1995-11-01,Salernitana,1620.32397461
1995-11-02,Salernitana,1622.65637207
1995-11-03,Salernitana,1629.33374023
1995-11-04,Salernitana,1629.33374023
1995-11-05,Salernitana,1629.33374023
1995-11-06,Salernitana,1610.5916748
1995-11-07,Salernitana,1610.5916748
1995-11-08,Salernitana,1610.5916748
1995-11-13,Salernitana,1611.49279785
1995-11-19,Salernitana,1611.49279785
1995-11-20,Salernitana,1611.49279785
1995-11-22,Salernitana,1610.06201172
1995-11-23,Salernitana,1605.28491211
1995-11-24,Salernitana,1606.65991211
1995-11-26,Salernitana,1606.65991211
1995-11-27,Salernitana,1617.84326172
1995-12-04,Salernitana,1611.46740723
1995-12-05,Salernitana,1611.46740723
1995-12-06,Salernitana,1613.92260742
1995-12-07,Salernitana,1612.60925293
1995-12-08,Salernitana,1612.8972168
1995-12-09,Salernitana,1612.8972168
1995-12-11,Salernitana,1608.98022461
1995-12-18,Salernitana,1609.33166504
1995-12-24,Salernitana,1605.37426758
1996-01-08,Salernitana,1599.15222168
1996-01-15,Salernitana,1582.91467285
1996-01-22,Salernitana,1586.5579834
1996-01-29,Salernitana,1581.9465332
1996-02-05,Salernitana,1584.73461914
1996-02-19,Salernitana,1591.48474121
1996-02-26,Salernitana,1600.50610352
1996-03-04,Salernitana,1616.3269043
1996-03-06,Salernitana,1610.69506836
1996-03-08,Salernitana,1611.69714355
1996-03-10,Salernitana,1611.69714355
1996-03-11,Salernitana,1606.14306641
1996-03-20,Salernitana,1596.9197998
1996-03-21,Salernitana,1600.49853516
1996-03-22,Salernitana,1594.25024414
1996-03-25,Salernitana,1604.47131348
1996-04-01,Salernitana,1614.20507812
1996-04-02,Salernitana,1614.20507812
1996-04-04,Salernitana,1615.95300293
1996-04-07,Salernitana,1620.97595215
1996-04-08,Salernitana,1620.97595215
1996-04-11,Salernitana,1620.97595215
1996-04-13,Salernitana,1620.97595215
1996-04-14,Salernitana,1620.97595215
1996-04-15,Salernitana,1620.84130859
1996-04-17,Salernitana,1620.84130859
1996-04-18,Salernitana,1620.98352051
1996-04-19,Salernitana,1620.98352051
1996-04-21,Salernitana,1620.98352051
1996-04-22,Salernitana,1616.41394043
1996-04-29,Salernitana,1610.68591309
1996-05-02,Salernitana,1610.68591309
1996-05-06,Salernitana,1599.0177002
1996-05-13,Salernitana,1610.67578125
1996-05-20,Salernitana,1613.28198242
1996-05-23,Salernitana,1613.41760254
1996-05-26,Salernitana,1613.41760254
1996-05-27,Salernitana,1607.01733398
1996-06-01,Salernitana,1607.01733398
1996-06-03,Salernitana,1610.94995117
1996-06-10,Salernitana,1612.60546875
1996-07-18,Salernitana,1612.60546875
1996-07-29,Salernitana,1612.60546875
1996-08-03,Salernitana,1612.60546875
1996-08-05,Salernitana,1612.60546875
1996-08-07,Salernitana,1612.60546875
1996-08-08,Salernitana,1612.60546875
1996-08-09,Salernitana,1612.60546875
1996-08-12,Salernitana,1612.60546875
1996-08-17,Salernitana,1612.60546875
1996-08-22,Salernitana,1612.60546875
1996-09-09,Salernitana,1618.25024414
1996-09-10,Salernitana,1618.25024414
1996-09-11,Salernitana,1625.0559082
1996-09-12,Salernitana,1620.75720215
1996-09-13,Salernitana,1620.62451172
1996-09-15,Salernitana,1620.62451172
1996-09-16,Salernitana,1608.64025879
1996-09-23,Salernitana,1603.77563477
1996-09-25,Salernitana,1595.24987793
1996-09-26,Salernitana,1599.48425293
1996-09-27,Salernitana,1599.75195312
1996-09-30,Salernitana,1589.46472168
1996-10-07,Salernitana,1595.32226562
1996-10-14,Salernitana,1591.57019043
1996-10-16,Salernitana,1585.04846191
1996-10-17,Salernitana,1580.11499023
1996-10-18,Salernitana,1579.9486084
1996-10-21,Salernitana,1583.76452637
1996-10-28,Salernitana,1587.61340332
1996-10-30,Salernitana,1576.06958008
1996-10-31,Salernitana,1578.85437012
1996-11-01,Salernitana,1580.75671387
1996-11-04,Salernitana,1575.18444824
1996-11-11,Salernitana,1569.1973877
1996-11-20,Salernitana,1571.7322998
1996-11-21,Salernitana,1573.21777344
1996-11-25,Salernitana,1571.69506836
1996-11-29,Salernitana,1574.57995605
1996-12-02,Salernitana,1577.45117188
1996-12-04,Salernitana,1578.13256836
1996-12-05,Salernitana,1572.9543457
1996-12-09,Salernitana,1565.18713379
1996-12-16,Salernitana,1561.14892578
1996-12-23,Salernitana,1551.66101074
1997-01-06,Salernitana,1557.10986328
1997-01-13,Salernitana,1549.05603027
1997-01-20,Salernitana,1553.65270996
1997-01-27,Salernitana,1542.27587891
1997-02-03,Salernitana,1534.43334961
1997-02-10,Salernitana,1530.52587891
1997-02-17,Salernitana,1533.37158203
1997-02-24,Salernitana,1538.01501465
1997-03-03,Salernitana,1541.62854004
1997-03-05,Salernitana,1542.2088623
1997-03-06,Salernitana,1542.32519531
1997-03-07,Salernitana,1547.09191895
1997-03-10,Salernitana,1555.02429199
1997-03-19,Salernitana,1555.7857666
1997-03-20,Salernitana,1556.58129883
1997-03-21,Salernitana,1554.7532959
1997-03-24,Salernitana,1548.19152832
1997-03-30,Salernitana,1546.43383789
1997-04-07,Salernitana,1537.11437988
1997-04-09,Salernitana,1540.95458984
1997-04-10,Salernitana,1543.54248047
1997-04-11,Salernitana,1545.66479492
1997-04-14,Salernitana,1543.49023438
1997-04-21,Salernitana,1539.7010498
1997-04-23,Salernitana,1540.7800293
1997-04-24,Salernitana,1542.7956543
1997-04-25,Salernitana,1535.73217773
1997-04-28,Salernitana,1533.27636719
1997-05-05,Salernitana,1546.77978516
1997-05-08,Salernitana,1544.92602539
1997-05-12,Salernitana,1547.8494873
1997-05-19,Salernitana,1553.21398926
1997-05-22,Salernitana,1553.7409668
1997-05-26,Salernitana,1543.83154297
1997-05-29,Salernitana,1538.203125
1997-06-09,Salernitana,1542.5501709
1997-06-16,Salernitana,1545.40026855
1997-06-23,Salernitana,1529.24853516
1997-08-14,Salernitana,1531.84716797
1997-08-28,Salernitana,1532.96264648
1997-09-01,Salernitana,1542.90637207
1997-09-08,Salernitana,1543.88085938
1997-09-15,Salernitana,1547.33789062
1997-09-17,Salernitana,1542.37414551
1997-09-18,Salernitana,1543.76135254
1997-09-19,Salernitana,1545.92944336
1997-09-22,Salernitana,1557.08178711
1997-09-29,Salernitana,1559.18273926
1997-10-01,Salernitana,1559.13806152
1997-10-02,Salernitana,1556.94274902
1997-10-03,Salernitana,1557.59399414
1997-10-06,Salernitana,1567.97558594
1997-10-13,Salernitana,1580.52148438
1997-10-20,Salernitana,1589.54150391
1997-10-22,Salernitana,1582.95178223
1997-10-23,Salernitana,1585.18798828
1997-10-24,Salernitana,1586.63793945
1997-10-27,Salernitana,1591.62719727
1997-11-05,Salernitana,1599.46130371
1997-11-06,Salernitana,1596.38427734
1997-11-07,Salernitana,1596.42370605
1997-11-10,Salernitana,1591.80114746
1997-11-17,Salernitana,1596.25671387
1997-11-26,Salernitana,1593.89306641
1997-11-27,Salernitana,1587.74487305
1997-11-28,Salernitana,1585.20532227
1997-12-01,Salernitana,1585.11865234
1997-12-08,Salernitana,1590.45239258
1997-12-10,Salernitana,1596.76379395
1997-12-11,Salernitana,1597.33337402
1997-12-15,Salernitana,1615.89208984
1997-12-22,Salernitana,1620.32250977
1998-01-05,Salernitana,1619.06286621
1998-01-11,Salernitana,1619.06286621
1998-01-12,Salernitana,1624.73913574
1998-01-13,Salernitana,1624.73913574
1998-01-18,Salernitana,1624.73913574
1998-01-19,Salernitana,1613.2434082
1998-01-26,Salernitana,1607.65441895
1998-02-02,Salernitana,1621.64196777
1998-02-05,Salernitana,1621.64196777
1998-02-08,Salernitana,1621.64196777
1998-02-09,Salernitana,1628.71569824
1998-02-10,Salernitana,1628.71569824
1998-02-14,Salernitana,1628.71569824
1998-02-16,Salernitana,1615.54931641
1998-02-23,Salernitana,1624.82641602
1998-03-02,Salernitana,1629.10705566
1998-03-04,Salernitana,1630.92749023
1998-03-05,Salernitana,1628.48376465
1998-03-06,Salernitana,1632.66931152
1998-03-09,Salernitana,1634.61950684
1998-03-15,Salernitana,1634.61950684
1998-03-16,Salernitana,1637.05273438
1998-03-18,Salernitana,1640.85632324
1998-03-19,Salernitana,1645.83679199
1998-03-20,Salernitana,1647.23840332
1998-03-23,Salernitana,1647.38476562
1998-03-24,Salernitana,1647.38476562
1998-03-29,Salernitana,1647.38476562
1998-03-31,Salernitana,1648.93554688
1998-04-02,Salernitana,1652.30957031
1998-04-03,Salernitana,1653.37365723
1998-04-05,Salernitana,1660.33007812
1998-04-07,Salernitana,1660.33007812
1998-04-12,Salernitana,1659.15026855
1998-04-15,Salernitana,1661.4901123
1998-04-16,Salernitana,1661.38085938
1998-04-17,Salernitana,1656.52209473
1998-04-19,Salernitana,1656.52209473
1998-04-20,Salernitana,1655.56225586
1998-04-25,Salernitana,1655.56225586
1998-04-26,Salernitana,1655.56225586
1998-04-27,Salernitana,1657.87158203
1998-05-03,Salernitana,1657.87158203
1998-05-04,Salernitana,1659.58081055
1998-05-10,Salernitana,1659.58081055
1998-05-11,Salernitana,1655.24291992
1998-05-16,Salernitana,1655.24291992
1998-05-17,Salernitana,1655.24291992
1998-05-18,Salernitana,1648.39733887
1998-05-21,Salernitana,1643.9765625
1998-05-25,Salernitana,1649.35681152
1998-06-01,Salernitana,1641.42443848
1998-06-04,Salernitana,1641.42443848
1998-06-08,Salernitana,1644.83288574
1998-06-15,Salernitana,1644.32128906
1998-07-02,Salernitana,1644.32128906
1998-07-15,Salernitana,1644.32128906
1998-08-13,Salernitana,1644.3717041
1998-08-16,Salernitana,1644.3717041
1998-08-17,Salernitana,1644.3717041
1998-08-26,Salernitana,1644.3717041
1998-08-27,Salernitana,1644.38989258
1998-08-30,Salernitana,1644.38989258
1998-08-31,Salernitana,1644.38989258
1998-09-09,Salernitana,1644.38989258
1998-09-11,Salernitana,1644.38989258
1998-09-13,Salernitana,1640.9654541
1998-09-14,Salernitana,1640.9654541
1998-09-16,Salernitana,1640.56665039
1998-09-17,Salernitana,1633.92773438
1998-09-18,Salernitana,1631.88513184
1998-09-21,Salernitana,1623.98339844
1998-09-23,Salernitana,1623.98339844
1998-09-26,Salernitana,1623.98339844
1998-09-27,Salernitana,1621.07226562
1998-09-30,Salernitana,1624.02404785
1998-10-01,Salernitana,1624.1003418
1998-10-02,Salernitana,1626.54711914
1998-10-05,Salernitana,1624.07751465
1998-10-18,Salernitana,1620.90551758
1998-10-21,Salernitana,1623.19628906
1998-10-22,Salernitana,1623.72851562
1998-10-23,Salernitana,1621.93383789
1998-10-26,Salernitana,1618.22253418
1998-11-02,Salernitana,1628.87817383
1998-11-03,Salernitana,1628.87817383
1998-11-04,Salernitana,1634.3861084
1998-11-05,Salernitana,1631.5234375
1998-11-06,Salernitana,1634.79638672
1998-11-08,Salernitana,1634.79638672
1998-11-09,Salernitana,1631.41589355
1998-11-15,Salernitana,1631.41589355
1998-11-16,Salernitana,1640.05554199
1998-11-17,Salernitana,1640.05554199
1998-11-21,Salernitana,1640.05554199
1998-11-22,Salernitana,1640.05554199
1998-11-23,Salernitana,1644.62243652
1998-11-24,Salernitana,1644.62243652
1998-11-25,Salernitana,1648.93164062
1998-11-26,Salernitana,1651.02050781
1998-11-29,Salernitana,1651.02050781
1998-11-30,Salernitana,1649.32189941
1998-12-03,Salernitana,1648.21777344
1998-12-07,Salernitana,1646.55749512
1998-12-09,Salernitana,1648.23864746
1998-12-10,Salernitana,1652.60742188
1998-12-13,Salernitana,1652.60742188
1998-12-14,Salernitana,1659.08520508
1998-12-16,Salernitana,1659.08520508
1998-12-20,Salernitana,1659.08520508
1998-12-21,Salernitana,1655.82348633
1998-12-27,Salernitana,1655.82348633
1998-12-29,Salernitana,1655.82348633
1999-01-07,Salernitana,1641.2598877
1999-01-11,Salernitana,1636.33581543
1999-01-18,Salernitana,1635.52514648
1999-01-19,Salernitana,1635.52514648
1999-01-24,Salernitana,1635.52514648
1999-01-25,Salernitana,1646.1262207
1999-01-31,Salernitana,1646.1262207
1999-02-01,Salernitana,1643.45336914
1999-02-08,Salernitana,1636.92883301
1999-02-15,Salernitana,1648.4420166
1999-02-18,Salernitana,1648.4420166
1999-02-22,Salernitana,1643.30041504
1999-02-27,Salernitana,1643.30041504
1999-02-28,Salernitana,1643.30041504
1999-03-01,Salernitana,1646.10754395
1999-03-03,Salernitana,1649.70727539
1999-03-04,Salernitana,1646.26098633
1999-03-05,Salernitana,1646.33325195
1999-03-06,Salernitana,1646.33325195
1999-03-07,Salernitana,1646.33325195
1999-03-08,Salernitana,1643.15600586
1999-03-14,Salernitana,1643.15600586
1999-03-15,Salernitana,1652.40942383
1999-03-17,Salernitana,1652.62084961
1999-03-18,Salernitana,1652.21081543
1999-03-19,Salernitana,1652.21569824
1999-03-20,Salernitana,1652.21569824
1999-03-22,Salernitana,1647.51159668
1999-04-03,Salernitana,1647.51159668
1999-04-04,Salernitana,1651.6784668
1999-04-05,Salernitana,1651.6784668
1999-04-06,Salernitana,1651.6784668
1999-04-07,Salernitana,1656.05737305
1999-04-08,Salernitana,1657.87390137
1999-04-09,Salernitana,1657.9934082
1999-04-11,Salernitana,1657.9934082
1999-04-12,Salernitana,1671.68688965
1999-04-15,Salernitana,1671.68688965
1999-04-19,Salernitana,1675.78662109
1999-04-21,Salernitana,1671.91381836
1999-04-22,Salernitana,1666.11547852
1999-04-23,Salernitana,1666.45410156
1999-04-25,Salernitana,1666.45410156
1999-04-26,Salernitana,1683.5123291
1999-05-02,Salernitana,1683.5123291
1999-05-03,Salernitana,1693.32751465
1999-05-06,Salernitana,1693.32751465
1999-05-09,Salernitana,1693.32751465
1999-05-10,Salernitana,1686.40551758
1999-05-13,Salernitana,1690.3482666
1999-05-15,Salernitana,1690.3482666
1999-05-16,Salernitana,1690.3482666
1999-05-17,Salernitana,1695.51647949
1999-05-20,Salernitana,1697.44250488
1999-05-23,Salernitana,1697.44250488
1999-05-24,Salernitana,1701.53674316
1999-05-27,Salernitana,1701.53674316
1999-05-31,Salernitana,1701.53674316
1999-06-21,Salernitana,1701.53674316
1999-07-02,Salernitana,1701.53674316
1999-07-08,Salernitana,1701.53674316
1999-07-12,Salernitana,1701.53674316
1999-08-05,Salernitana,1701.53674316
1999-08-07,Salernitana,1701.53674316
1999-08-08,Salernitana,1701.53674316
1999-08-12,Salernitana,1697.58605957
1999-08-15,Salernitana,1697.58605957
1999-08-26,Salernitana,1694.51525879
1999-08-29,Salernitana,1694.51525879
1999-08-30,Salernitana,1682.09191895
1999-09-06,Salernitana,1676.09741211
1999-09-13,Salernitana,1664.05664062
1999-09-15,Salernitana,1663.42529297
1999-09-16,Salernitana,1664.14343262
1999-09-17,Salernitana,1666.22644043
1999-09-19,Salernitana,1666.22644043
1999-09-20,Salernitana,1669.77587891
1999-09-22,Salernitana,1670.40393066
1999-09-23,Salernitana,1669.36303711
1999-09-25,Salernitana,1655.93286133
1999-09-26,Salernitana,1655.93286133
1999-09-27,Salernitana,1655.93286133
1999-09-29,Salernitana,1653.69592285
1999-09-30,Salernitana,1653.31652832
1999-10-01,Salernitana,1654.31738281
1999-10-02,Salernitana,1654.31738281
1999-10-03,Salernitana,1654.31738281
1999-10-05,Salernitana,1649.31750488
1999-10-11,Salernitana,1640.5135498
1999-10-14,Salernitana,1640.5135498
1999-10-17,Salernitana,1640.5135498
1999-10-18,Salernitana,1640.5135498
1999-10-20,Salernitana,1643.97253418
1999-10-21,Salernitana,1641.20715332
1999-10-22,Salernitana,1642.00732422
1999-10-24,Salernitana,1642.00732422
1999-10-25,Salernitana,1635.94299316
1999-10-27,Salernitana,1634.28356934
1999-10-28,Salernitana,1636.58544922
1999-10-31,Salernitana,1636.58544922
1999-11-01,Salernitana,1635.86132812
1999-11-03,Salernitana,1642.51489258
1999-11-04,Salernitana,1639.0246582
1999-11-05,Salernitana,1639.30700684
1999-11-06,Salernitana,1639.30700684
1999-11-07,Salernitana,1639.30700684
1999-11-11,Salernitana,1639.30700684
1999-11-13,Salernitana,1633.23339844
1999-11-20,Salernitana,1633.23339844
1999-11-21,Salernitana,1633.23339844
1999-11-22,Salernitana,1636.55957031
1999-11-24,Salernitana,1634.54394531
1999-11-25,Salernitana,1637.95617676
1999-11-26,Salernitana,1640.70324707
1999-11-28,Salernitana,1640.70324707
1999-11-29,Salernitana,1656.68493652
1999-12-04,Salernitana,1656.68493652
1999-12-06,Salernitana,1656.26818848
1999-12-08,Salernitana,1652.89379883
1999-12-09,Salernitana,1653.39855957
1999-12-10,Salernitana,1658.2623291
1999-12-13,Salernitana,1664.50598145
1999-12-14,Salernitana,1664.50598145
1999-12-16,Salernitana,1664.50598145
1999-12-19,Salernitana,1664.50598145
1999-12-20,Salernitana,1665.64770508
1999-12-27,Salernitana,1665.64770508
1999-12-29,Salernitana,1665.64770508
1999-12-30,Salernitana,1665.64770508
2000-01-04,Salernitana,1665.64770508
2000-01-06,Salernitana,1665.64770508
2000-01-07,Salernitana,1671.87414551
2000-01-09,Salernitana,1671.87414551
2000-01-10,Salernitana,1672.06726074
2000-01-16,Salernitana,1672.06726074
2000-01-17,Salernitana,1676.82897949
2000-01-24,Salernitana,1682.64648438
2000-01-30,Salernitana,1682.64648438
2000-01-31,Salernitana,1666.63269043
2000-02-06,Salernitana,1666.63269043
2000-02-07,Salernitana,1666.63269043
2000-02-10,Salernitana,1666.63269043
2000-02-12,Salernitana,1673.23620605
2000-02-13,Salernitana,1673.23620605
2000-02-14,Salernitana,1673.23620605
2000-02-20,Salernitana,1673.23620605
2000-02-21,Salernitana,1664.22155762
2000-02-22,Salernitana,1664.22155762
2000-02-27,Salernitana,1664.22155762
2000-02-28,Salernitana,1667.55541992
2000-03-01,Salernitana,1660.7277832
2000-03-02,Salernitana,1662.6529541
2000-03-03,Salernitana,1661.69433594
2000-03-05,Salernitana,1661.69433594
2000-03-06,Salernitana,1652.09643555
2000-03-08,Salernitana,1647.3918457
2000-03-09,Salernitana,1646.53601074
2000-03-10,Salernitana,1627.07897949
2000-03-13,Salernitana,1629.8729248
2000-03-15,Salernitana,1631.21179199
2000-03-16,Salernitana,1629.97583008
2000-03-17,Salernitana,1629.97583008
2000-03-19,Salernitana,1629.97583008
2000-03-20,Salernitana,1629.5637207
2000-03-22,Salernitana,1627.88000488
2000-03-23,Salernitana,1631.40881348
2000-03-27,Salernitana,1610.63122559
2000-04-03,Salernitana,1627.91638184
2000-04-06,Salernitana,1622.31518555
2000-04-10,Salernitana,1611.38305664
2000-04-19,Salernitana,1610.81799316
2000-04-23,Salernitana,1617.62158203
2000-05-01,Salernitana,1612.3704834
2000-05-08,Salernitana,1618.05688477
2000-05-16,Salernitana,1611.41687012
2000-05-22,Salernitana,1615.8449707
2000-05-29,Salernitana,1605.8828125
2000-06-05,Salernitana,1587.43969727
2000-06-12,Salernitana,1572.40344238
2000-08-10,Salernitana,1571.97045898
2000-08-23,Salernitana,1574.06030273
2000-08-24,Salernitana,1567.56286621
2000-09-04,Salernitana,1569.69995117
2000-09-12,Salernitana,1560.45227051
2000-09-13,Salernitana,1563.1262207
2000-09-14,Salernitana,1564.31005859
2000-09-15,Salernitana,1563.43359375
2000-09-20,Salernitana,1561.93481445
2000-09-21,Salernitana,1557.37145996
2000-09-27,Salernitana,1569.49963379
2000-09-28,Salernitana,1566.73706055
2000-09-29,Salernitana,1561.04138184
2000-10-02,Salernitana,1572.22473145
2000-10-09,Salernitana,1578.6862793
2000-10-18,Salernitana,1577.37524414
2000-10-19,Salernitana,1577.63537598
2000-10-24,Salernitana,1571.50854492
2000-10-25,Salernitana,1567.6138916
2000-10-26,Salernitana,1568.39013672
2000-10-27,Salernitana,1569.39819336
2000-10-30,Salernitana,1571.73059082
2000-11-02,Salernitana,1581.85339355
2000-11-06,Salernitana,1568.80273438
2000-11-08,Salernitana,1571.3494873
2000-11-09,Salernitana,1565.95178223
2000-11-10,Salernitana,1558.52966309
2000-11-11,Salernitana,1549.02819824
2000-11-20,Salernitana,1543.47033691
2000-11-22,Salernitana,1542.4197998
2000-11-23,Salernitana,1539.73266602
2000-11-24,Salernitana,1537.50927734
2000-12-02,Salernitana,1539.74450684
2000-12-06,Salernitana,1540.57019043
2000-12-07,Salernitana,1544.78649902
2000-12-08,Salernitana,1550.28173828
2000-12-11,Salernitana,1546.66589355
2000-12-14,Salernitana,1550.93017578
2000-12-18,Salernitana,1538.65234375
2000-12-24,Salernitana,1539.75268555
2001-01-15,Salernitana,1537.45703125
2001-01-20,Salernitana,1531.7890625
2001-01-29,Salernitana,1536.15014648
2001-02-06,Salernitana,1530.65026855
2001-02-12,Salernitana,1535.55310059
2001-02-14,Salernitana,1534.49951172
2001-02-15,Salernitana,1532.22229004
2001-02-16,Salernitana,1528.20410156
2001-02-19,Salernitana,1532.66137695
2001-02-21,Salernitana,1532.62402344
2001-02-22,Salernitana,1532.31091309
2001-02-23,Salernitana,1525.15966797
2001-02-27,Salernitana,1513.84545898
2001-03-05,Salernitana,1515.59179688
2001-03-07,Salernitana,1516.42883301
2001-03-08,Salernitana,1513.58007812
2001-03-12,Salernitana,1501.77099609
2001-03-14,Salernitana,1501.94140625
2001-03-15,Salernitana,1502.79956055
2001-03-19,Salernitana,1501.47705078
2001-03-26,Salernitana,1496.02307129
2001-04-02,Salernitana,1504.20349121
2001-04-09,Salernitana,1499.39758301
2001-04-15,Salernitana,1489.11157227
2001-04-23,Salernitana,1491.87219238
2001-04-30,Salernitana,1498.1373291
2001-05-13,Salernitana,1493.76196289
2001-05-21,Salernitana,1503.86901855
2001-05-28,Salernitana,1512.48840332
2001-06-04,Salernitana,1506.57678223
2001-06-11,Salernitana,1496.35778809
2001-08-09,Salernitana,1489.46081543
2001-08-22,Salernitana,1491.13220215
2001-08-23,Salernitana,1492.93969727
2001-08-27,Salernitana,1505.27722168
2001-09-03,Salernitana,1506.52380371
2001-09-10,Salernitana,1502.95532227
2001-09-12,Salernitana,1497.07922363
2001-09-17,Salernitana,1489.4387207
2001-09-19,Salernitana,1490.10803223
2001-09-20,Salernitana,1483.92407227
2001-09-21,Salernitana,1484.20141602
2001-09-24,Salernitana,1489.20825195
2001-09-26,Salernitana,1488.38830566
2001-09-27,Salernitana,1486.68591309
2001-09-28,Salernitana,1488.27404785
2001-10-02,Salernitana,1481.21728516
2001-10-08,Salernitana,1469.46276855
2001-10-11,Salernitana,1469.80603027
2001-10-15,Salernitana,1475.95007324
2001-10-17,Salernitana,1478.97973633
2001-10-18,Salernitana,1479.60791016
2001-10-19,Salernitana,1488.23278809
2001-10-24,Salernitana,1489.66516113
2001-10-25,Salernitana,1492.65002441
2001-10-29,Salernitana,1483.98352051
2001-10-31,Salernitana,1479.28222656
2001-11-01,Salernitana,1476.30529785
2001-11-02,Salernitana,1478.72839355
2001-11-05,Salernitana,1487.30957031
2001-11-12,Salernitana,1482.23364258
2001-11-19,Salernitana,1488.67590332
2001-11-21,Salernitana,1488.74438477
2001-11-23,Salernitana,1484.8482666
2001-11-26,Salernitana,1485.4140625
2001-11-30,Salernitana,1489.00097656
2001-12-01,Salernitana,1504.97546387
2001-12-05,Salernitana,1502.40429688
2001-12-06,Salernitana,1501.50219727
2001-12-07,Salernitana,1511.3614502
2001-12-08,Salernitana,1516.64562988
2001-12-17,Salernitana,1521.46520996
2001-12-24,Salernitana,1523.91918945
2002-01-07,Salernitana,1522.49841309
2002-01-14,Salernitana,1518.00244141
2002-01-21,Salernitana,1522.72473145
2002-01-28,Salernitana,1527.3684082
2002-02-04,Salernitana,1526.6192627
2002-02-09,Salernitana,1516.49719238
2002-02-18,Salernitana,1525.75427246
2002-02-20,Salernitana,1525.29321289
2002-02-21,Salernitana,1526.59533691
2002-02-22,Salernitana,1528.49023438
2002-02-25,Salernitana,1532.21936035
2002-02-27,Salernitana,1535.00170898
2002-02-28,Salernitana,1532.1998291
2002-03-01,Salernitana,1523.22949219
2002-03-04,Salernitana,1535.65258789
2002-03-11,Salernitana,1546.36450195
2002-03-13,Salernitana,1543.43371582
2002-03-14,Salernitana,1541.07312012
2002-03-15,Salernitana,1538.20837402
2002-03-18,Salernitana,1546.52404785
2002-03-20,Salernitana,1544.1854248
2002-03-21,Salernitana,1545.8951416
2002-03-22,Salernitana,1555.70617676
2002-03-31,Salernitana,1544.23522949
2002-04-05,Salernitana,1535.75939941
2002-04-08,Salernitana,1524.66870117
2002-04-12,Salernitana,1524.3269043
2002-04-13,Salernitana,1532.78588867
2002-04-22,Salernitana,1534.42053223
2002-04-27,Salernitana,1526.14855957
2002-05-06,Salernitana,1523.75524902
2002-05-13,Salernitana,1515.50500488
2002-05-20,Salernitana,1516.64294434
2002-05-27,Salernitana,1505.98950195
2002-06-03,Salernitana,1498.16125488
2002-08-15,Salernitana,1499.5456543
2002-08-28,Salernitana,1501.87731934
2002-08-29,Salernitana,1502.81884766
2002-09-15,Salernitana,1486.80810547
2002-09-18,Salernitana,1480.10437012
2002-09-19,Salernitana,1481.62573242
2002-09-20,Salernitana,1483.95410156
2002-09-22,Salernitana,1479.7409668
2002-09-25,Salernitana,1490.99902344
2002-09-26,Salernitana,1492.01220703
2002-09-29,Salernitana,1496.98327637
2002-10-02,Salernitana,1502.44018555
2002-10-03,Salernitana,1499.60595703
2002-10-04,Salernitana,1491.66796875
2002-10-06,Salernitana,1481.92443848
2002-10-14,Salernitana,1489.61352539
2002-10-20,Salernitana,1482.16748047
2002-10-23,Salernitana,1480.17565918
2002-10-24,Salernitana,1479.23449707
2002-10-29,Salernitana,1465.76586914
2002-10-30,Salernitana,1464.27697754
2002-10-31,Salernitana,1469.49975586
2002-11-01,Salernitana,1470.0670166
2002-11-03,Salernitana,1465.28393555
2002-11-06,Salernitana,1454.48779297
2002-11-11,Salernitana,1447.10021973
2002-11-13,Salernitana,1447.70861816
2002-11-14,Salernitana,1446.32092285
2002-11-15,Salernitana,1440.27368164
2002-11-18,Salernitana,1444.3704834
2002-11-25,Salernitana,1456.33312988
2002-11-27,Salernitana,1459.34899902
2002-11-28,Salernitana,1460.12646484
2002-11-29,Salernitana,1460.85754395
2002-12-02,Salernitana,1454.38220215
2002-12-09,Salernitana,1445.01049805
2002-12-11,Salernitana,1444.07641602
2002-12-12,Salernitana,1448.79296875
2002-12-13,Salernitana,1448.43811035
2002-12-16,Salernitana,1447.34924316
2002-12-23,Salernitana,1450.03491211
2003-01-07,Salernitana,1443.4473877
2003-01-11,Salernitana,1435.9005127
2003-01-20,Salernitana,1429.21044922
2003-01-25,Salernitana,1419.9498291
2003-02-03,Salernitana,1419.86071777
2003-02-10,Salernitana,1412.02893066
2003-02-19,Salernitana,1406.24658203
2003-02-20,Salernitana,1405.0970459
2003-02-21,Salernitana,1402.60839844
2003-02-24,Salernitana,1412.58361816
2003-02-26,Salernitana,1408.13806152
2003-02-27,Salernitana,1415.7442627
2003-03-03,Salernitana,1420.09570312
2003-03-05,Salernitana,1424.90429688
2003-03-10,Salernitana,1424.34375
2003-03-12,Salernitana,1425.10461426
2003-03-13,Salernitana,1424.9921875
2003-03-14,Salernitana,1425.60583496
2003-03-17,Salernitana,1429.75195312
2003-03-19,Salernitana,1422.55407715
2003-03-20,Salernitana,1424.50378418
2003-03-21,Salernitana,1426.67919922
2003-03-24,Salernitana,1423.97558594
2003-03-31,Salernitana,1419.63061523
2003-04-06,Salernitana,1419.46875
2003-04-09,Salernitana,1419.97399902
2003-04-10,Salernitana,1420.25012207
2003-04-11,Salernitana,1415.81640625
2003-04-13,Salernitana,1413.21105957
2003-04-20,Salernitana,1404.40795898
2003-04-23,Salernitana,1410.28173828
2003-04-24,Salernitana,1412.62548828
2003-04-25,Salernitana,1411.55541992
2003-04-27,Salernitana,1408.06677246
2003-05-04,Salernitana,1400.42419434
2003-05-07,Salernitana,1399.72180176
2003-05-11,Salernitana,1395.66503906
2003-05-15,Salernitana,1400.109375
2003-05-18,Salernitana,1394.91992188
2003-05-25,Salernitana,1385.15270996
2003-06-01,Salernitana,1391.3605957
2003-06-08,Salernitana,1394.50683594
2003-08-14,Salernitana,1396.24133301
2003-08-28,Salernitana,1398.01257324
2003-09-12,Salernitana,1397.20458984
2003-09-15,Salernitana,1393.79992676
2003-09-17,Salernitana,1399.19018555
2003-09-18,Salernitana,1406.4642334
2003-09-21,Salernitana,1397.87670898
2003-09-24,Salernitana,1399.86254883
2003-09-25,Salernitana,1401.39257812
2003-09-28,Salernitana,1396.1887207
2003-10-01,Salernitana,1399.03259277
2003-10-02,Salernitana,1397.4967041
2003-10-05,Salernitana,1405.39501953
2003-10-09,Salernitana,1420.04821777
2003-10-13,Salernitana,1418.0657959
2003-10-16,Salernitana,1419.53381348
2003-10-19,Salernitana,1413.70373535
2003-10-22,Salernitana,1408.6673584
2003-10-23,Salernitana,1401.79431152
2003-10-26,Salernitana,1406.08483887
2003-11-03,Salernitana,1406.87548828
2003-11-05,Salernitana,1401.30712891
2003-11-06,Salernitana,1399.18505859
2003-11-07,Salernitana,1401.51245117
2003-11-10,Salernitana,1406.78771973
2003-11-17,Salernitana,1417.51208496
2003-11-21,Salernitana,1412.81567383
2003-11-24,Salernitana,1403.45141602
2003-11-26,Salernitana,1397.44213867
2003-11-27,Salernitana,1399.19836426
2003-11-28,Salernitana,1400.4185791
2003-12-01,Salernitana,1412.2824707
2003-12-03,Salernitana,1407.62634277
2003-12-08,Salernitana,1406.21179199
2003-12-10,Salernitana,1399.65148926
2003-12-11,Salernitana,1402.15771484
2003-12-15,Salernitana,1411.84265137
2003-12-22,Salernitana,1423.94458008
2004-01-07,Salernitana,1432.61291504
2004-01-12,Salernitana,1425.89624023
2004-01-19,Salernitana,1418.76647949
2004-01-26,Salernitana,1438.18884277
2004-02-02,Salernitana,1450.11621094
2004-02-09,Salernitana,1453.20483398
2004-02-17,Salernitana,1451.86950684
2004-02-23,Salernitana,1444.21728516
2004-02-25,Salernitana,1444.11413574
2004-02-26,Salernitana,1442.66186523
2004-02-27,Salernitana,1438.48999023
2004-03-01,Salernitana,1425.55249023
2004-03-04,Salernitana,1420.50695801
2004-03-05,Salernitana,1415.3638916
2004-03-10,Salernitana,1411.95385742
2004-03-11,Salernitana,1414.68969727
2004-03-12,Salernitana,1411.49658203
2004-03-15,Salernitana,1405.1817627
2004-03-19,Salernitana,1391.93774414
2004-03-22,Salernitana,1381.52563477
2004-03-24,Salernitana,1385.88842773
2004-03-26,Salernitana,1387.50744629
2004-03-28,Salernitana,1392.0579834
2004-04-05,Salernitana,1392.55993652
2004-04-08,Salernitana,1386.61608887
2004-04-09,Salernitana,1385.02636719
2004-04-11,Salernitana,1376.06323242
2004-04-15,Salernitana,1371.97119141
2004-04-18,Salernitana,1378.76855469
2004-04-25,Salernitana,1391.08435059
2004-05-02,Salernitana,1374.12658691
2004-05-09,Salernitana,1364.97375488
2004-05-16,Salernitana,1378.29663086
2004-05-23,Salernitana,1388.43127441
2004-05-30,Salernitana,1384.77563477
2004-06-06,Salernitana,1384.40258789
2004-06-13,Salernitana,1391.18457031
2004-08-11,Salernitana,1389.47094727
2004-08-12,Salernitana,1390.3704834
2004-08-25,Salernitana,1393.67626953
2004-08-26,Salernitana,1396.05541992
2004-09-12,Salernitana,1394.61608887
2004-09-15,Salernitana,1399.09069824
2004-09-16,Salernitana,1394.31860352
2004-09-17,Salernitana,1390.99890137
2004-09-19,Salernitana,1396.09680176
2004-09-23,Salernitana,1395.82141113
2004-09-26,Salernitana,1385.98657227
2004-09-29,Salernitana,1384.76123047
2004-09-30,Salernitana,1390.93200684
2004-10-01,Salernitana,1390.47277832
2004-10-03,Salernitana,1386.21289062
2004-10-07,Salernitana,1379.13708496
2004-10-11,Salernitana,1369.35400391
2004-10-16,Salernitana,1370.60107422
2004-10-20,Salernitana,1369.64233398
2004-10-21,Salernitana,1381.29614258
2004-10-22,Salernitana,1379.1920166
2004-10-24,Salernitana,1388.34436035
2004-10-27,Salernitana,1380.10705566
2004-10-31,Salernitana,1365.45715332
2004-11-03,Salernitana,1363.61950684
2004-11-04,Salernitana,1365.8190918
2004-11-05,Salernitana,1364.46704102
2004-11-06,Salernitana,1361.46386719
2004-11-15,Salernitana,1378.16564941
2004-11-22,Salernitana,1395.08325195
2004-11-24,Salernitana,1393.9309082
2004-11-25,Salernitana,1396.16809082
2004-11-26,Salernitana,1392.04211426
2004-11-29,Salernitana,1403.13098145
2004-12-03,Salernitana,1401.98779297
2004-12-06,Salernitana,1413.41137695
2004-12-08,Salernitana,1414.62939453
2004-12-09,Salernitana,1408.19592285
2004-12-13,Salernitana,1417.73193359
2004-12-17,Salernitana,1419.40563965
2004-12-18,Salernitana,1414.18103027
2005-01-07,Salernitana,1406.42236328
2005-01-10,Salernitana,1401.97143555
2005-01-17,Salernitana,1399.5402832
2005-01-24,Salernitana,1395.08947754
2005-01-29,Salernitana,1395.14306641
2005-02-04,Salernitana,1389.67663574
2005-02-07,Salernitana,1410.0
2005-02-14,Salernitana,1411.78161621
2005-02-17,Salernitana,1411.51525879
2005-02-22,Salernitana,1425.31860352
2005-02-23,Salernitana,1424.20849609
2005-02-24,Salernitana,1429.06494141
2005-02-25,Salernitana,1437.01416016
2005-02-28,Salernitana,1432.20947266
2005-03-07,Salernitana,1436.78234863
2005-03-09,Salernitana,1438.859375
2005-03-10,Salernitana,1444.00109863
2005-03-11,Salernitana,1445.35742188
2005-03-14,Salernitana,1457.39758301
2005-03-16,Salernitana,1460.09777832
2005-03-18,Salernitana,1463.69750977
2005-03-27,Salernitana,1459.55249023
2005-04-06,Salernitana,1458.38000488
2005-04-08,Salernitana,1459.65979004
2005-04-10,Salernitana,1474.1027832
2005-04-14,Salernitana,1470.49121094
2005-04-15,Salernitana,1471.56298828
2005-04-17,Salernitana,1470.88903809
2005-04-21,Salernitana,1472.56091309
2005-04-24,Salernitana,1470.30029297
2005-04-27,Salernitana,1473.18054199
2005-04-29,Salernitana,1472.53076172
2005-05-01,Salernitana,1462.04711914
2005-05-05,Salernitana,1461.1439209
2005-05-06,Salernitana,1456.46911621
2005-05-10,Salernitana,1454.27001953
2005-05-15,Salernitana,1447.67016602
2005-05-22,Salernitana,1454.59472656
2005-05-26,Salernitana,1453.70715332
2005-05-29,Salernitana,1457.55737305
2005-06-06,Salernitana,1464.16894531
2005-06-12,Salernitana,1454.24975586
2008-07-01,Salernitana,1431.68920898
2008-08-13,Salernitana,1433.35925293
2008-08-14,Salernitana,1433.8581543
2008-08-15,Salernitana,1434.0213623
2008-08-27,Salernitana,1434.04736328
2008-08-28,Salernitana,1434.21643066
2008-08-29,Salernitana,1434.30371094
2008-08-31,Salernitana,1440.3638916
2008-09-08,Salernitana,1442.3404541
2008-09-16,Salernitana,1448.79724121
2008-09-17,Salernitana,1445.84350586
2008-09-18,Salernitana,1448.42248535
2008-09-19,Salernitana,1454.88049316
2008-09-20,Salernitana,1465.18774414
2008-09-24,Salernitana,1455.00695801
2008-09-28,Salernitana,1453.38769531
2008-10-01,Salernitana,1448.77246094
2008-10-02,Salernitana,1450.90454102
2008-10-03,Salernitana,1441.65600586
2008-10-05,Salernitana,1452.61987305
2008-10-13,Salernitana,1445.96655273
2008-10-19,Salernitana,1436.41296387
2008-10-22,Salernitana,1436.52502441
2008-10-23,Salernitana,1436.18078613
2008-10-24,Salernitana,1444.06030273
2008-10-26,Salernitana,1450.57141113
2008-10-29,Salernitana,1447.00158691
2008-11-02,Salernitana,1446.22888184
2008-11-05,Salernitana,1449.45861816
2008-11-06,Salernitana,1454.86450195
2008-11-07,Salernitana,1458.15673828
2008-11-08,Salernitana,1460.74243164
2008-11-16,Salernitana,1452.03894043
2008-11-23,Salernitana,1447.80993652
2008-11-26,Salernitana,1444.03088379
2008-11-27,Salernitana,1440.63098145
2008-11-28,Salernitana,1439.1418457
2008-11-29,Salernitana,1432.8762207
2008-12-04,Salernitana,1429.6706543
2008-12-07,Salernitana,1424.51818848
2008-12-10,Salernitana,1422.96679688
2008-12-11,Salernitana,1421.80993652
2008-12-14,Salernitana,1423.59033203
2008-12-18,Salernitana,1421.98828125
2008-12-19,Salernitana,1421.2434082
2008-12-21,Salernitana,1412.06152344
2009-01-11,Salernitana,1408.46508789
2009-01-18,Salernitana,1416.80126953
2009-01-25,Salernitana,1412.73364258
2009-02-01,Salernitana,1402.87036133
2009-02-08,Salernitana,1419.18908691
2009-02-15,Salernitana,1425.0489502
2009-02-18,Salernitana,1418.66467285
2009-02-19,Salernitana,1415.95007324
2009-02-20,Salernitana,1412.70617676
2009-02-24,Salernitana,1416.69665527
2009-02-25,Salernitana,1415.09851074
2009-02-26,Salernitana,1413.91296387
2009-02-27,Salernitana,1405.65075684
2009-03-01,Salernitana,1396.12255859
2009-03-08,Salernitana,1390.82092285
2009-03-11,Salernitana,1389.6829834
2009-03-12,Salernitana,1388.92150879
2009-03-13,Salernitana,1392.98779297
2009-03-15,Salernitana,1404.04663086
2009-03-18,Salernitana,1395.53259277
2009-03-20,Salernitana,1395.92529297
2009-03-24,Salernitana,1413.36975098
2009-03-30,Salernitana,1405.72570801
2009-04-05,Salernitana,1403.45495605
2009-04-10,Salernitana,1401.27282715
2009-04-17,Salernitana,1400.27844238
2009-04-19,Salernitana,1413.2442627
2009-04-22,Salernitana,1406.18371582
2009-04-28,Salernitana,1413.13134766
2009-05-03,Salernitana,1403.82580566
2009-05-10,Salernitana,1409.92602539
2009-05-17,Salernitana,1426.75598145
2009-05-24,Salernitana,1437.11486816
2009-05-31,Salernitana,1440.35021973
2009-07-31,Salernitana,1440.94689941
2009-08-07,Salernitana,1442.17236328
2009-08-19,Salernitana,1443.64624023
2009-08-21,Salernitana,1448.82580566
2009-08-22,Salernitana,1439.06872559
2009-08-27,Salernitana,1439.96228027
2009-08-28,Salernitana,1441.01953125
2009-08-30,Salernitana,1431.60864258
2009-09-07,Salernitana,1422.23522949
2009-09-13,Salernitana,1415.31835938
2009-09-16,Salernitana,1417.52514648
2009-09-17,Salernitana,1416.00952148
2009-09-18,Salernitana,1406.96923828
2009-09-19,Salernitana,1397.32629395
2009-09-23,Salernitana,1401.70288086
2009-09-27,Salernitana,1401.66125488
2009-09-30,Salernitana,1405.67407227
2009-10-01,Salernitana,1401.39929199
2009-10-02,Salernitana,1404.92602539
2009-10-04,Salernitana,1395.50280762
2009-10-12,Salernitana,1387.15917969
2009-10-17,Salernitana,1384.13537598
2009-10-21,Salernitana,1383.99377441
2009-10-22,Salernitana,1388.7052002
2009-10-23,Salernitana,1388.30810547
2009-10-25,Salernitana,1399.81665039
2009-11-01,Salernitana,1394.37463379
2009-11-04,Salernitana,1395.5402832
2009-11-05,Salernitana,1399.08374023
2009-11-06,Salernitana,1400.84875488
2009-11-08,Salernitana,1393.73681641
2009-11-22,Salernitana,1398.29785156
2009-11-25,Salernitana,1398.43188477
2009-11-26,Salernitana,1394.15905762
2009-11-28,Salernitana,1380.98339844
2009-12-03,Salernitana,1377.59228516
2009-12-04,Salernitana,1378.41711426
2009-12-06,Salernitana,1382.2364502
2009-12-09,Salernitana,1384.8638916
2009-12-10,Salernitana,1390.35644531
2009-12-13,Salernitana,1389.45202637
2009-12-17,Salernitana,1391.078125
2009-12-18,Salernitana,1383.97314453
2010-01-06,Salernitana,1373.56713867
2010-01-10,Salernitana,1378.18322754
2010-01-17,Salernitana,1374.05297852
2010-01-24,Salernitana,1389.01367188
2010-01-31,Salernitana,1385.98022461
2010-02-07,Salernitana,1381.75915527
2010-02-16,Salernitana,1372.21826172
2010-02-17,Salernitana,1370.31433105
2010-02-18,Salernitana,1369.93688965
2010-02-19,Salernitana,1371.02062988
2010-02-21,Salernitana,1385.14672852
2010-02-25,Salernitana,1386.79321289
2010-02-26,Salernitana,1380.17932129
2010-02-28,Salernitana,1387.81225586
2010-03-07,Salernitana,1381.35351562
2010-03-10,Salernitana,1380.73242188
2010-03-11,Salernitana,1378.43896484
2010-03-12,Salernitana,1381.63952637
2010-03-14,Salernitana,1381.88928223
2010-03-17,Salernitana,1386.56750488
2010-03-19,Salernitana,1379.40551758
2010-03-20,Salernitana,1375.75646973
2010-03-24,Salernitana,1370.03613281
2010-03-28,Salernitana,1363.92053223
2010-04-01,Salernitana,1364.86755371
2010-04-03,Salernitana,1353.74951172
2010-04-07,Salernitana,1355.28942871
2010-04-10,Salernitana,1354.20800781
2010-04-14,Salernitana,1348.42553711
2010-04-18,Salernitana,1342.06213379
2010-04-21,Salernitana,1346.37463379
2010-04-25,Salernitana,1340.33789062
2010-04-29,Salernitana,1341.47680664
2010-05-02,Salernitana,1330.6184082
2010-05-11,Salernitana,1327.5098877
2010-05-16,Salernitana,1318.19616699
2010-05-23,Salernitana,1321.93811035
2010-05-24,Salernitana,1318.67919922
2010-05-31,Salernitana,1311.9387207
2015-07-01,Salernitana,1378.85595703
2015-07-31,Salernitana,1366.38867188
2015-08-07,Salernitana,1366.87463379
2015-08-19,Salernitana,1369.02844238
2015-08-27,Salernitana,1363.23840332
2015-09-07,Salernitana,1374.89379883
2015-09-13,Salernitana,1377.44763184
2015-09-16,Salernitana,1381.22619629
2015-09-17,Salernitana,1383.43505859
2015-09-18,Salernitana,1382.35205078
2015-09-20,Salernitana,1371.48156738
2015-09-23,Salernitana,1376.24584961
2015-09-27,Salernitana,1382.38378906
2015-09-30,Salernitana,1378.53527832
2015-10-01,Salernitana,1381.37438965
2015-10-02,Salernitana,1388.34399414
2015-10-03,Salernitana,1378.1607666
2015-10-12,Salernitana,1369.61608887
2015-10-18,Salernitana,1363.06420898
2015-10-21,Salernitana,1364.22949219
2015-10-22,Salernitana,1362.37487793
2015-10-23,Salernitana,1360.67407227
2015-10-25,Salernitana,1362.25305176
2015-10-28,Salernitana,1365.34533691
2015-11-01,Salernitana,1365.37683105
2015-11-04,Salernitana,1365.28710938
2015-11-05,Salernitana,1367.51330566
2015-11-06,Salernitana,1372.79162598
2015-11-07,Salernitana,1368.29956055
2015-11-16,Salernitana,1375.62902832
2015-11-22,Salernitana,1379.22802734
2015-11-25,Salernitana,1378.22851562
2015-11-26,Salernitana,1380.08728027
2015-11-27,Salernitana,1383.56311035
2015-11-28,Salernitana,1372.9543457
2015-12-07,Salernitana,1377.30041504
2015-12-09,Salernitana,1374.47912598
2015-12-10,Salernitana,1376.25854492
2015-12-11,Salernitana,1378.01928711
2015-12-13,Salernitana,1385.96154785
2015-12-19,Salernitana,1377.69250488
2015-12-25,Salernitana,1372.77148438
2015-12-28,Salernitana,1365.54284668
2016-01-17,Salernitana,1361.47741699
2016-01-23,Salernitana,1376.91467285
2016-02-02,Salernitana,1370.45336914
2016-02-07,Salernitana,1372.9161377
2016-02-14,Salernitana,1361.69494629
2016-02-18,Salernitana,1360.72961426
2016-02-19,Salernitana,1358.44396973
2016-02-22,Salernitana,1360.63830566
2016-02-24,Salernitana,1359.62414551
2016-02-26,Salernitana,1355.89575195
2016-02-28,Salernitana,1359.70544434
2016-03-02,Salernitana,1359.33898926
2016-03-08,Salernitana,1372.64001465
2016-03-09,Salernitana,1372.30859375
2016-03-11,Salernitana,1373.37158203
2016-03-13,Salernitana,1359.41052246
2016-03-17,Salernitana,1356.50354004
2016-03-18,Salernitana,1349.49621582
2016-03-20,Salernitana,1353.84692383
2016-03-27,Salernitana,1342.93078613
2016-04-04,Salernitana,1347.59533691
2016-04-10,Salernitana,1354.89990234
2016-04-17,Salernitana,1357.06677246
2016-04-20,Salernitana,1355.85461426
2016-04-25,Salernitana,1364.27624512
2016-05-01,Salernitana,1366.85021973
2016-05-08,Salernitana,1364.95397949
2016-05-15,Salernitana,1360.22302246
2016-05-21,Salernitana,1365.80041504
2016-06-05,Salernitana,1383.84606934
2016-06-09,Salernitana,1386.50500488
2016-07-29,Salernitana,1387.00036621
2016-08-05,Salernitana,1390.2545166
2016-08-18,Salernitana,1390.97583008
2016-08-19,Salernitana,1392.80651855
2016-08-24,Salernitana,1383.11694336
2016-08-26,Salernitana,1383.16308594
2016-08-27,Salernitana,1387.02758789
2016-09-05,Salernitana,1389.26452637
2016-09-11,Salernitana,1384.00976562
2016-09-14,Salernitana,1387.11181641
2016-09-15,Salernitana,1385.33618164
2016-09-16,Salernitana,1382.73120117
2016-09-17,Salernitana,1372.11694336
2016-09-20,Salernitana,1376.5916748
2016-09-25,Salernitana,1389.16809082
2016-09-28,Salernitana,1391.65527344
2016-09-29,Salernitana,1394.68041992
2016-09-30,Salernitana,1388.06872559
2016-10-02,Salernitana,1381.96032715
2016-10-10,Salernitana,1389.90161133
2016-10-16,Salernitana,1392.42248535
2016-10-19,Salernitana,1394.01489258
2016-10-20,Salernitana,1389.44018555
2016-10-21,Salernitana,1392.76184082
2016-10-23,Salernitana,1392.16125488
2016-10-26,Salernitana,1393.15637207
2016-10-30,Salernitana,1391.39807129
2016-11-02,Salernitana,1391.31018066
2016-11-03,Salernitana,1388.7545166
2016-11-04,Salernitana,1389.43530273
2016-11-06,Salernitana,1382.01708984
2016-11-14,Salernitana,1390.17675781
2016-11-20,Salernitana,1392.27148438
2016-11-23,Salernitana,1396.32849121
2016-11-24,Salernitana,1394.84448242
2016-11-25,Salernitana,1387.44946289
2016-11-29,Salernitana,1384.18566895
2016-12-04,Salernitana,1376.69055176
2016-12-07,Salernitana,1380.60498047
2016-12-08,Salernitana,1381.18701172
2016-12-09,Salernitana,1383.25354004
2016-12-10,Salernitana,1377.29394531
2016-12-11,Salernitana,1395.02307129
2016-12-18,Salernitana,1387.55505371
2016-12-25,Salernitana,1379.93249512
2016-12-31,Salernitana,1387.07116699
2017-01-23,Salernitana,1394.20947266
2017-01-30,Salernitana,1389.37597656
2017-02-05,Salernitana,1387.63525391
2017-02-11,Salernitana,1397.67871094
2017-02-16,Salernitana,1396.88842773
2017-02-17,Salernitana,1406.49243164
2017-02-19,Salernitana,1405.02722168
2017-02-23,Salernitana,1407.56091309
2017-02-24,Salernitana,1399.57507324
2017-02-26,Salernitana,1393.60559082
2017-03-01,Salernitana,1385.89233398
2017-03-06,Salernitana,1389.87988281
2017-03-08,Salernitana,1388.88171387
2017-03-10,Salernitana,1385.21948242
2017-03-12,Salernitana,1392.85668945
2017-03-15,Salernitana,1393.40576172
2017-03-17,Salernitana,1392.03991699
2017-03-21,Salernitana,1403.375
2017-03-27,Salernitana,1411.21655273
2017-04-02,Salernitana,1420.96679688
2017-04-05,Salernitana,1418.6505127
2017-04-09,Salernitana,1410.05126953
2017-04-12,Salernitana,1416.36865234
2017-04-18,Salernitana,1421.26196289
2017-04-20,Salernitana,1423.12365723
2017-04-23,Salernitana,1424.33300781
2017-04-26,Salernitana,1421.98022461
2017-05-02,Salernitana,1409.9161377
2017-05-04,Salernitana,1413.60302734
2017-05-07,Salernitana,1405.87255859
2017-05-10,Salernitana,1406.50585938
2017-05-14,Salernitana,1414.75598145
2017-05-19,Salernitana,1409.43322754
2017-06-04,Salernitana,1406.28674316
2017-07-28,Salernitana,1407.05432129
2017-08-04,Salernitana,1407.7355957
2017-08-17,Salernitana,1409.33056641
2017-08-18,Salernitana,1410.25708008
2017-08-23,Salernitana,1411.6295166
2017-08-25,Salernitana,1411.74230957
2017-08-27,Salernitana,1412.39941406
2017-09-05,Salernitana,1410.02600098
2017-09-10,Salernitana,1405.65905762
2017-09-13,Salernitana,1403.43945312
2017-09-14,Salernitana,1400.53601074
2017-09-15,Salernitana,1411.72265625
2017-09-17,Salernitana,1410.73474121
2017-09-20,Salernitana,1411.56604004
2017-09-24,Salernitana,1421.95227051
2017-09-27,Salernitana,1422.46740723
2017-09-28,Salernitana,1424.00109863
2017-09-29,Salernitana,1426.6854248
2017-09-30,Salernitana,1427.4128418
2017-10-08,Salernitana,1424.57324219
2017-10-16,Salernitana,1433.81896973
2017-10-18,Salernitana,1432.07641602
2017-10-19,Salernitana,1434.3380127
2017-10-20,Salernitana,1437.18518066
2017-10-22,Salernitana,1437.1138916
2017-10-25,Salernitana,1447.53820801
2017-10-29,Salernitana,1456.19165039
2017-11-01,Salernitana,1458.81787109
2017-11-02,Salernitana,1454.33569336
2017-11-03,Salernitana,1453.66369629
2017-11-05,Salernitana,1451.19396973
2017-11-13,Salernitana,1452.2611084
2017-11-20,Salernitana,1449.33947754
2017-11-22,Salernitana,1451.18493652
2017-11-23,Salernitana,1448.51293945
2017-11-24,Salernitana,1454.07824707
2017-11-26,Salernitana,1447.62536621
2017-12-03,Salernitana,1437.08166504
2017-12-06,Salernitana,1438.83483887
2017-12-07,Salernitana,1434.09277344
2017-12-08,Salernitana,1426.52160645
2017-12-10,Salernitana,1425.12353516
2017-12-17,Salernitana,1438.22229004
2017-12-22,Salernitana,1418.59753418
2017-12-29,Salernitana,1410.90637207
2018-01-21,Salernitana,1417.44775391
2018-01-30,Salernitana,1418.05285645
2018-02-04,Salernitana,1409.3996582
2018-02-11,Salernitana,1402.90881348
2018-02-14,Salernitana,1401.04956055
2018-02-16,Salernitana,1394.74255371
2018-02-18,Salernitana,1392.39672852
2018-02-22,Salernitana,1390.97106934
2018-02-23,Salernitana,1395.94140625
2018-02-24,Salernitana,1386.37182617
2018-02-27,Salernitana,1377.60827637
2018-03-04,Salernitana,1389.875
2018-03-08,Salernitana,1395.03027344
2018-03-09,Salernitana,1389.73144531
2018-03-12,Salernitana,1399.00097656
2018-03-14,Salernitana,1402.40356445
2018-03-16,Salernitana,1406.89196777
2018-03-18,Salernitana,1411.19421387
2018-03-26,Salernitana,1417.77758789
2018-03-30,Salernitana,1413.03515625
2018-04-04,Salernitana,1407.46203613
2018-04-05,Salernitana,1405.91345215
2018-04-06,Salernitana,1409.03295898
2018-04-08,Salernitana,1411.75183105
2018-04-11,Salernitana,1418.51672363
2018-04-12,Salernitana,1420.90197754
2018-04-13,Salernitana,1413.98388672
2018-04-15,Salernitana,1412.2845459
2018-04-18,Salernitana,1413.17932129
2018-04-22,Salernitana,1400.71691895
2018-04-25,Salernitana,1397.48937988
2018-04-29,Salernitana,1407.09411621
2018-05-02,Salernitana,1418.38647461
2018-05-03,Salernitana,1419.35424805
2018-05-06,Salernitana,1424.76635742
2018-05-13,Salernitana,1418.15686035
2018-05-19,Salernitana,1407.5213623
2018-07-27,Salernitana,1406.35205078
2018-08-03,Salernitana,1407.80639648
2018-08-10,Salernitana,1408.23449707
2018-08-17,Salernitana,1408.30639648
2018-08-24,Salernitana,1406.95385742
2018-08-26,Salernitana,1407.9777832
2018-08-31,Salernitana,1406.57580566
2018-09-03,Salernitana,1407.47302246
2018-09-17,Salernitana,1417.73681641
2018-09-19,Salernitana,1420.5123291
2018-09-20,Salernitana,1422.29003906
2018-09-21,Salernitana,1423.40551758
2018-09-22,Salernitana,1412.38928223
2018-09-26,Salernitana,1409.61193848
2018-09-30,Salernitana,1417.75097656
2018-10-03,Salernitana,1419.65246582
2018-10-04,Salernitana,1425.47216797
2018-10-05,Salernitana,1421.99560547
2018-10-07,Salernitana,1423.81005859
2018-10-22,Salernitana,1430.48376465
2018-10-24,Salernitana,1435.31762695
2018-10-25,Salernitana,1435.65942383
2018-10-26,Salernitana,1436.11572266
2018-10-29,Salernitana,1440.32995605
2018-11-01,Salernitana,1446.96228027
2018-11-05,Salernitana,1440.53112793
2018-11-07,Salernitana,1440.94030762
2018-11-08,Salernitana,1438.59460449
2018-11-09,Salernitana,1440.41931152
2018-11-11,Salernitana,1446.77600098
2018-11-28,Salernitana,1444.05041504
2018-11-29,Salernitana,1443.99121094
2018-11-30,Salernitana,1438.53588867
2018-12-02,Salernitana,1430.77709961
2018-12-11,Salernitana,1417.33569336
2018-12-12,Salernitana,1414.23986816
2018-12-13,Salernitana,1405.75854492
2018-12-14,Salernitana,1398.00305176
2018-12-17,Salernitana,1390.21520996
2018-12-24,Salernitana,1396.83862305
2018-12-28,Salernitana,1397.88037109
2018-12-31,Salernitana,1384.58337402
2019-01-19,Salernitana,1397.79296875
2019-01-27,Salernitana,1388.55859375
2019-02-03,Salernitana,1388.66589355
2019-02-09,Salernitana,1380.79589844
2019-02-13,Salernitana,1382.11376953
2019-02-15,Salernitana,1381.27685547
2019-02-17,Salernitana,1394.39172363
2019-02-21,Salernitana,1388.23852539
2019-02-22,Salernitana,1389.5994873
2019-02-23,Salernitana,1384.13891602
2019-02-27,Salernitana,1392.72094727
2019-03-04,Salernitana,1384.46252441
2019-03-07,Salernitana,1379.89685059
2019-03-08,Salernitana,1384.73376465
2019-03-11,Salernitana,1371.78088379
2019-03-13,Salernitana,1379.35473633
2019-03-15,Salernitana,1373.93603516
2019-03-17,Salernitana,1367.33862305
2019-03-31,Salernitana,1365.93029785
2019-04-03,Salernitana,1360.67382812
2019-04-11,Salernitana,1360.90722656
2019-04-12,Salernitana,1357.99328613
2019-04-14,Salernitana,1370.36242676
2019-04-17,Salernitana,1363.79870605
2019-04-19,Salernitana,1361.93530273
2019-04-23,Salernitana,1355.7689209
2019-04-28,Salernitana,1335.93237305
2019-05-02,Salernitana,1328.18383789
2019-05-06,Salernitana,1319.4432373
2019-05-12,Salernitana,1312.89013672
2019-06-06,Salernitana,1317.59777832
2019-06-10,Salernitana,1306.7401123
2019-07-26,Salernitana,1307.17980957
2019-08-02,Salernitana,1307.39794922
2019-08-09,Salernitana,1308.98059082
2019-08-16,Salernitana,1309.03552246
2019-08-23,Salernitana,1305.75744629
2019-08-25,Salernitana,1317.4979248
2019-08-30,Salernitana,1316.18713379
2019-09-01,Salernitana,1327.7713623
2019-09-17,Salernitana,1318.29284668
2019-09-18,Salernitana,1322.86071777
2019-09-19,Salernitana,1318.18347168
2019-09-20,Salernitana,1316.89819336
2019-09-23,Salernitana,1327.23193359
2019-09-26,Salernitana,1328.65246582
2019-09-30,Salernitana,1338.3717041
2019-10-02,Salernitana,1337.0513916
2019-10-03,Salernitana,1335.28637695
2019-10-04,Salernitana,1336.13110352
2019-10-07,Salernitana,1336.60009766
2019-10-20,Salernitana,1330.88781738
2019-10-23,Salernitana,1330.56994629
2019-10-24,Salernitana,1337.72167969
2019-10-25,Salernitana,1333.91369629
2019-10-27,Salernitana,1334.12805176
2019-10-30,Salernitana,1328.73327637
2019-11-03,Salernitana,1336.09130859
2019-11-06,Salernitana,1333.45983887
2019-11-07,Salernitana,1336.69592285
2019-11-08,Salernitana,1330.53527832
2019-11-11,Salernitana,1324.97790527
2019-11-24,Salernitana,1316.3182373
2019-11-27,Salernitana,1321.12023926
2019-11-28,Salernitana,1327.36279297
2019-11-29,Salernitana,1332.19140625
2019-12-01,Salernitana,1331.46582031
2019-12-08,Salernitana,1327.67089844
2019-12-11,Salernitana,1327.41625977
2019-12-12,Salernitana,1336.77612305
2019-12-13,Salernitana,1329.78344727
2019-12-16,Salernitana,1339.17858887
2019-12-22,Salernitana,1344.73400879
2019-12-27,Salernitana,1361.6328125
2019-12-30,Salernitana,1356.44714355
2020-01-20,Salernitana,1367.39440918
2020-01-26,Salernitana,1374.23278809
2020-02-03,Salernitana,1379.86303711
2020-02-11,Salernitana,1385.39770508
2020-02-18,Salernitana,1377.71411133
2020-02-20,Salernitana,1383.0279541
2020-02-21,Salernitana,1385.67456055
2020-02-24,Salernitana,1390.12683105
2020-02-26,Salernitana,1390.1895752
2020-02-27,Salernitana,1387.79833984
2020-02-28,Salernitana,1389.25488281
2020-03-01,Salernitana,1384.9342041
2020-03-04,Salernitana,1394.85021973
2020-03-08,Salernitana,1387.67211914
2020-03-11,Salernitana,1389.46716309
2020-06-21,Salernitana,1388.0892334
2020-06-27,Salernitana,1381.39587402
2020-06-30,Salernitana,1380.34460449
2020-07-04,Salernitana,1386.70446777
2020-07-11,Salernitana,1378.85717773
2020-07-14,Salernitana,1394.02294922
2020-07-18,Salernitana,1398.63244629
2020-07-25,Salernitana,1388.08459473
2020-07-28,Salernitana,1390.40820312
2020-08-01,Salernitana,1382.83605957
2020-08-06,Salernitana,1386.12756348
2020-08-07,Salernitana,1382.87182617
2020-08-08,Salernitana,1380.4296875
2020-08-09,Salernitana,1378.74658203
2020-08-11,Salernitana,1381.36340332
2020-08-13,Salernitana,1379.2442627
2020-08-18,Salernitana,1384.78381348
2020-08-22,Salernitana,1381.8416748
2020-09-18,Salernitana,1382.13867188
2020-09-25,Salernitana,1382.78613281
2020-09-27,Salernitana,1381.47644043
2020-10-02,Salernitana,1379.72888184
2020-10-04,Salernitana,1391.12512207
2020-10-18,Salernitana,1404.39025879
2020-10-21,Salernitana,1412.40319824
2020-10-22,Salernitana,1413.66162109
2020-10-23,Salernitana,1413.72131348
2020-10-25,Salernitana,1419.30126953
2020-10-28,Salernitana,1418.06152344
2020-10-29,Salernitana,1414.44372559
2020-10-30,Salernitana,1416.14660645
2020-11-01,Salernitana,1426.57373047
2020-11-04,Salernitana,1421.04370117
2020-11-05,Salernitana,1423.11157227
2020-11-06,Salernitana,1419.32189941
2020-11-07,Salernitana,1410.54663086
2020-11-24,Salernitana,1417.36291504
2020-11-25,Salernitana,1420.5020752
2020-11-26,Salernitana,1423.85473633
2020-11-27,Salernitana,1426.67749023
2020-11-30,Salernitana,1435.55895996
2020-12-02,Salernitana,1436.36950684
2020-12-03,Salernitana,1439.41113281
2020-12-04,Salernitana,1441.42028809
2020-12-06,Salernitana,1449.00756836
2020-12-09,Salernitana,1454.26074219
2020-12-10,Salernitana,1455.69116211
2020-12-11,Salernitana,1449.26501465
2020-12-13,Salernitana,1439.13293457
2020-12-16,Salernitana,1440.63354492
2020-12-19,Salernitana,1442.60400391
2020-12-22,Salernitana,1447.10046387
2020-12-28,Salernitana,1455.79980469
2020-12-31,Salernitana,1442.95727539
2021-01-05,Salernitana,1430.08483887
2021-01-18,Salernitana,1419.33679199
2021-01-24,Salernitana,1426.93029785
2021-02-02,Salernitana,1426.46057129
2021-02-07,Salernitana,1427.76708984
2021-02-10,Salernitana,1428.70263672
2021-02-14,Salernitana,1426.99731445
2021-02-18,Salernitana,1425.05969238
2021-02-19,Salernitana,1423.81335449
2021-02-21,Salernitana,1434.07202148
2021-02-24,Salernitana,1432.93371582
2021-02-25,Salernitana,1431.05041504
2021-02-26,Salernitana,1433.65209961
2021-02-27,Salernitana,1433.12585449
2021-03-03,Salernitana,1432.28735352
2021-03-07,Salernitana,1440.81799316
2021-03-10,Salernitana,1439.44213867
2021-03-12,Salernitana,1445.3269043
2021-03-14,Salernitana,1443.18273926
2021-03-17,Salernitana,1442.24108887
2021-03-18,Salernitana,1442.2298584
2021-03-19,Salernitana,1441.08520508
2021-03-22,Salernitana,1448.49487305
2021-04-03,Salernitana,1441.20544434
2021-04-06,Salernitana,1447.70983887
2021-04-09,Salernitana,1450.93005371
2021-04-11,Salernitana,1460.81469727
2021-04-16,Salernitana,1461.82702637
2021-04-18,Salernitana,1469.18212891
2021-04-30,Salernitana,1467.00720215
2021-05-02,Salernitana,1453.20739746
2021-05-05,Salernitana,1461.23730469
2021-05-07,Salernitana,1461.70141602
2021-05-08,Salernitana,1474.79370117
2021-05-11,Salernitana,1484.49353027
2021-07-02,Salernitana,1484.49353027
2021-08-20,Salernitana,1485.28222656
2021-08-23,Salernitana,1480.84008789
2021-08-27,Salernitana,1481.95153809
2021-08-30,Salernitana,1476.00476074
2021-09-13,Salernitana,1466.88806152
2021-09-15,Salernitana,1470.18225098
2021-09-16,Salernitana,1465.72021484
2021-09-17,Salernitana,1463.87561035
2021-09-19,Salernitana,1462.04931641
2021-09-23,Salernitana,1464.32067871
2021-09-27,Salernitana,1461.6463623
2021-09-29,Salernitana,1457.16052246
2021-09-30,Salernitana,1461.7130127
2021-10-01,Salernitana,1460.10693359
2021-10-03,Salernitana,1470.56921387
2021-10-17,Salernitana,1464.80834961
2021-10-20,Salernitana,1462.88134766
2021-10-21,Salernitana,1463.171875
2021-10-22,Salernitana,1454.04577637
2021-10-24,Salernitana,1443.98425293
2021-10-27,Salernitana,1454.3963623
2021-11-01,Salernitana,1452.58190918
2021-11-03,Salernitana,1454.3425293
2021-11-04,Salernitana,1454.5567627
2021-11-05,Salernitana,1454.58508301
2021-11-08,Salernitana,1450.93762207
2021-11-22,Salernitana,1443.16467285
2021-11-24,Salernitana,1439.76647949
2021-11-25,Salernitana,1440.12402344
2021-11-26,Salernitana,1445.29577637
2021-11-27,Salernitana,1449.10473633
2021-12-01,Salernitana,1446.60546875
2021-12-05,Salernitana,1444.98571777
2021-12-08,Salernitana,1440.94616699
2021-12-09,Salernitana,1441.50537109
2021-12-10,Salernitana,1438.76586914
2021-12-12,Salernitana,1433.18713379
2021-12-18,Salernitana,1430.8939209
2022-01-10,Salernitana,1443.97424316
2022-01-16,Salernitana,1438.75915527
2022-01-24,Salernitana,1436.39868164
2022-02-08,Salernitana,1438.68273926
2022-02-14,Salernitana,1441.89807129
2022-02-17,Salernitana,1439.66357422
2022-02-18,Salernitana,1440.5657959
2022-02-20,Salernitana,1448.06604004
2022-02-23,Salernitana,1448.69042969
2022-02-25,Salernitana,1446.08154297
2022-02-27,Salernitana,1449.05554199
2022-03-05,Salernitana,1446.77233887
2022-03-09,Salernitana,1447.44470215
2022-03-11,Salernitana,1449.65380859
2022-03-13,Salernitana,1454.64685059
2022-03-17,Salernitana,1447.88098145
2022-03-18,Salernitana,1451.68017578
2022-03-21,Salernitana,1449.98010254
2022-04-03,Salernitana,1444.46582031
2022-04-08,Salernitana,1443.79956055
2022-04-11,Salernitana,1442.01062012
2022-04-15,Salernitana,1442.60583496
2022-04-17,Salernitana,1454.83190918
2022-04-21,Salernitana,1467.91186523
2022-04-25,Salernitana,1480.12072754
2022-04-29,Salernitana,1480.90844727
2022-05-03,Salernitana,1488.01635742
2022-05-06,Salernitana,1497.18200684
2022-05-09,Salernitana,1496.73083496
2022-05-15,Salernitana,1498.99914551
2022-05-23,Salernitana,1486.88916016
2022-05-26,Salernitana,1489.5456543
2022-08-15,Salernitana,1486.45251465
2022-08-19,Salernitana,1487.55944824
2022-08-21,Salernitana,1492.36291504
2022-08-26,Salernitana,1494.15405273
2022-08-29,Salernitana,1512.60266113
2022-09-02,Salernitana,1516.15356445
2022-09-06,Salernitana,1515.58154297
2022-09-07,Salernitana,1513.76611328
2022-09-08,Salernitana,1517.28723145
2022-09-09,Salernitana,1513.20397949
2022-09-12,Salernitana,1520.39355469
2022-09-14,Salernitana,1522.48474121
2022-09-15,Salernitana,1524.53759766
2022-09-16,Salernitana,1511.64501953
2022-09-17,Salernitana,1502.32714844
2022-10-03,Salernitana,1493.8548584
2022-10-05,Salernitana,1504.73022461
2022-10-06,Salernitana,1502.56738281
2022-10-07,Salernitana,1500.50952148
2022-10-10,Salernitana,1510.03173828
2022-10-12,Salernitana,1500.52282715
2022-10-13,Salernitana,1504.41003418
2022-10-14,Salernitana,1504.71899414
2022-10-17,Salernitana,1502.7052002
2022-10-23,Salernitana,1509.8137207
2022-10-26,Salernitana,1512.19421387
2022-10-27,Salernitana,1514.93078613
2022-10-28,Salernitana,1518.28283691
2022-10-31,Salernitana,1538.61657715
2022-11-02,Salernitana,1534.9777832
2022-11-03,Salernitana,1535.93383789
2022-11-04,Salernitana,1535.73278809
2022-11-06,Salernitana,1532.81567383
2022-11-10,Salernitana,1528.49841309
2022-11-14,Salernitana,1516.72888184
2023-01-05,Salernitana,1514.47180176
2023-01-09,Salernitana,1516.7310791
2023-01-16,Salernitana,1510.25183105
2023-01-22,Salernitana,1508.17944336
2023-01-28,Salernitana,1518.34570312
2023-02-08,Salernitana,1511.99560547
2023-02-14,Salernitana,1506.46887207
2023-02-15,Salernitana,1507.93859863
2023-02-17,Salernitana,1513.24511719
2023-02-20,Salernitana,1507.67895508
2023-02-22,Salernitana,1509.6328125
2023-02-23,Salernitana,1510.98034668
2023-02-24,Salernitana,1521.49377441
2023-02-27,Salernitana,1537.55883789
2023-03-06,Salernitana,1538.1192627
2023-03-08,Salernitana,1535.16479492
2023-03-09,Salernitana,1537.76867676
2023-03-10,Salernitana,1542.16235352
2023-03-14,Salernitana,1549.4440918
2023-03-15,Salernitana,1551.39282227
2023-03-16,Salernitana,1552.57104492
2023-03-17,Salernitana,1555.61181641
2023-03-19,Salernitana,1557.24816895
2023-04-03,Salernitana,1558.56933594
2023-04-08,Salernitana,1564.36340332
2023-04-12,Salernitana,1568.26208496
2023-04-14,Salernitana,1569.74194336
2023-04-17,Salernitana,1573.40441895
2023-04-20,Salernitana,1574.25012207
2023-04-21,Salernitana,1581.38317871
2023-04-23,Salernitana,1598.73974609
2023-05-01,Salernitana,1606.63183594
2023-05-04,Salernitana,1609.1262207
2023-05-08,Salernitana,1609.1262207
2023-05-09,Salernitana,1602.19921875
2023-05-12,Salernitana,1599.65258789
2023-05-14,Salernitana,1610.74291992
2023-05-15,Salernitana,1610.74291992
2023-05-19,Salernitana,1613.07946777
2023-05-21,Salernitana,1613.07946777
2023-05-22,Salernitana,1613.07946777
2023-05-23,Salernitana,1619.11120605
2023-05-25,Salernitana,1619.11120605
2023-05-28,Salernitana,1627.22338867
2023-05-29,Salernitana,1627.22338867
2023-06-01,Salernitana,1627.05664062
2023-06-04,Salernitana,1613.72802734
2023-06-05,Salernitana,1613.72802734
2023-06-08,Salernitana,1611.24609375
2023-06-11,Salernitana,1610.06152344
2023-08-21,Salernitana,1615.83642578
2023-08-22,Salernitana,1615.83642578
2023-08-25,Salernitana,1614.57177734
2023-08-27,Salernitana,1614.57177734
2023-08-28,Salernitana,1614.57177734
2023-08-29,Salernitana,1613.94274902
2023-08-30,Salernitana,1613.94274902
2023-09-01,Salernitana,1615.7755127
2023-09-03,Salernitana,1615.7755127
2023-09-04,Salernitana,1605.38842773
2023-09-19,Salernitana,1592.71044922
2023-09-20,Salernitana,1592.29992676
2023-09-21,Salernitana,1593.17248535
2023-09-22,Salernitana,1594.87731934
2023-09-23,Salernitana,1594.07763672
2023-09-28,Salernitana,1587.10864258
2023-10-01,Salernitana,1582.03942871
2023-10-04,Salernitana,1580.07958984
2023-10-05,Salernitana,1582.91345215
2023-10-06,Salernitana,1584.13208008
2023-10-09,Salernitana,1575.58532715
2023-10-23,Salernitana,1573.84082031
2023-10-25,Salernitana,1576.08251953
2023-10-26,Salernitana,1569.23413086
2023-10-27,Salernitana,1570.38146973
2023-10-28,Salernitana,1564.31433105
2023-11-05,Salernitana,1561.08203125
2023-11-08,Salernitana,1565.20397949
2023-11-09,Salernitana,1564.36560059
2023-11-10,Salernitana,1561.20214844
2023-11-11,Salernitana,1564.59094238
2023-11-26,Salernitana,1577.07849121
2023-11-29,Salernitana,1574.23120117
2023-11-30,Salernitana,1571.87280273
2023-12-01,Salernitana,1570.39685059
2023-12-04,Salernitana,1564.70678711
2023-12-11,Salernitana,1559.56225586
2023-12-13,Salernitana,1559.31848145
2023-12-14,Salernitana,1561.25061035
2023-12-15,Salernitana,1563.0267334
2023-12-19,Salernitana,1558.46801758
2023-12-23,Salernitana,1564.10412598
2023-12-31,Salernitana,1574.23779297
2024-01-01,Salernitana,1574.23779297
2024-01-08,Salernitana,1571.09484863
2024-01-14,Salernitana,1568.9005127
2024-01-22,Salernitana,1560.67590332
2024-01-30,Salernitana,1556.21313477
2024-02-05,Salernitana,1561.70239258
2024-02-10,Salernitana,1549.42150879
2024-02-15,Salernitana,1550.76208496
2024-02-16,Salernitana,1553.55212402
2024-02-17,Salernitana,1551.92895508
2024-02-21,Salernitana,1552.60388184
2024-02-22,Salernitana,1551.98278809
2024-02-23,Salernitana,1551.01831055
2024-02-25,Salernitana,1542.13293457
2024-03-03,Salernitana,1546.10351562
2024-03-06,Salernitana,1542.91772461
2024-03-07,Salernitana,1543.60803223
2024-03-08,Salernitana,1550.9473877
2024-03-10,Salernitana,1542.05200195
2024-03-13,Salernitana,1538.87316895
2024-03-14,Salernitana,1536.54052734
2024-03-15,Salernitana,1541.12939453
2024-03-17,Salernitana,1532.9564209
2024-04-02,Salernitana,1529.1015625
2024-04-06,Salernitana,1529.85449219
2024-04-12,Salernitana,1537.07849121
2024-04-13,Salernitana,1532.6595459
2024-04-19,Salernitana,1534.0057373
2024-04-22,Salernitana,1528.52685547
2024-04-27,Salernitana,1519.14709473
2024-05-03,Salernitana,1518.00439453
2024-05-07,Salernitana,1515.79577637
2024-05-09,Salernitana,1517.73583984
2024-05-10,Salernitana,1520.26538086
2024-05-13,Salernitana,1527.9050293
2024-05-21,Salernitana,1521.24194336
2024-05-23,Salernitana,1526.64562988
2024-05-26,Salernitana,1534.45605469
2024-05-30,Salernitana,1531.0111084
2024-07-04,Salernitana,1531.0111084
2024-08-18,Salernitana,1535.43603516
2024-08-23,Salernitana,1534.77502441
2024-08-25,Salernitana,1526.0546875
2024-08-28,Salernitana,1532.17041016
2024-08-30,Salernitana,1528.74743652
2024-09-02,Salernitana,1519.40368652
2024-09-16,Salernitana,1508.69042969
2024-09-18,Salernitana,1507.37512207
2024-09-19,Salernitana,1506.90478516
2024-09-20,Salernitana,1506.9765625
2024-09-22,Salernitana,1505.59191895
2024-09-26,Salernitana,1508.28210449
2024-09-27,Salernitana,1507.2545166
2024-09-30,Salernitana,1504.61560059
2024-10-02,Salernitana,1504.02099609
2024-10-03,Salernitana,1508.19274902
2024-10-04,Salernitana,1506.36816406
2024-10-07,Salernitana,1514.94958496
2024-10-20,Salernitana,1501.6463623
2024-10-23,Salernitana,1497.38781738
2024-10-24,Salernitana,1495.68139648
2024-10-25,Salernitana,1500.19128418
2024-10-27,Salernitana,1494.32116699
2024-10-30,Salernitana,1491.2923584
2024-11-04,Salernitana,1491.31945801
2024-11-06,Salernitana,1494.57177734
2024-11-07,Salernitana,1499.78417969
2024-11-08,Salernitana,1495.95031738
2024-11-11,Salernitana,1481.84020996
2024-11-24,Salernitana,1473.88452148
2024-11-27,Salernitana,1476.50695801
2024-11-28,Salernitana,1473.85180664
2024-11-29,Salernitana,1472.98278809
2024-12-02,Salernitana,1483.2401123
2024-12-08,Salernitana,1483.20690918
2024-12-11,Salernitana,1477.78271484
2024-12-12,Salernitana,1483.67443848
2024-12-13,Salernitana,1488.87573242
2024-12-16,Salernitana,1478.75842285
2024-12-20,Salernitana,1477.75170898
2024-12-21,Salernitana,1475.84472656
2024-12-27,Salernitana,1466.99719238
2024-12-30,Salernitana,1460.50805664
2025-01-01,Salernitana,1460.50805664
2025-01-13,Salernitana,1455.93273926
2025-01-19,Salernitana,1462.62548828
2025-01-22,Salernitana,1464.92126465
2025-01-23,Salernitana,1466.67773438
2025-01-24,Salernitana,1465.43017578
2025-01-27,Salernitana,1460.33044434
2025-01-30,Salernitana,1453.25439453
2025-01-31,Salernitana,1450.98950195
2025-02-03,Salernitana,1460.45446777
2025-02-08,Salernitana,1461.28234863
2025-02-12,Salernitana,1461.95458984
2025-02-13,Salernitana,1459.81506348
2025-02-14,Salernitana,1460.44189453
2025-02-16,Salernitana,1451.83361816
2025-02-19,Salernitana,1441.09423828
2025-02-20,Salernitana,1436.8795166
2025-02-21,Salernitana,1438.7689209
2025-02-24,Salernitana,1437.85253906
2025-03-02,Salernitana,1427.97631836
2025-03-06,Salernitana,1429.15722656
2025-03-07,Salernitana,1429.99902344
2025-03-09,Salernitana,1437.4822998
2025-03-12,Salernitana,1437.93469238
2025-03-14,Salernitana,1436.14562988
2025-03-16,Salernitana,1438.1986084
2025-03-31,Salernitana,1429.64416504
2025-04-06,Salernitana,1423.28405762
2025-04-09,Salernitana,1425.39819336
2025-04-11,Salernitana,1422.61767578
2025-04-13,Salernitana,1429.70178223
2025-04-17,Salernitana,1430.0222168
2025-04-18,Salernitana,1431.16662598
2025-04-26,Salernitana,1439.2635498
2025-05-01,Salernitana,1440.07421875
2025-05-02,Salernitana,1432.04077148
2025-05-05,Salernitana,1441.40966797
2025-05-07,Salernitana,1443.6862793
2025-05-09,Salernitana,1441.55322266
2025-05-10,Salernitana,1434.38647461
2025-05-14,Salernitana,1445.8449707
2025-06-01,Salernitana,1440.34130859
2025-06-16,Salernitana,1430.18115234
2025-06-23,Salernitana,1414.94763184
