Date,HomeTeam,AwayTeam,FTHG,FTAG,FTR,HTHG,HTAG,HTR,HS,AS,HST,AST,HC,AC,HF,AF,Time,AHh,B365AHH,B365AHA,PAHH,PAHA,MaxH,MaxD,MaxA,AvgH,AvgD,AvgA,HY,AY,HR,AR,B365H,B365D,B365A,BWH,BWD,BWA,PSH,PSD,PSA,B365_over25,B365_under25,P_over25,P_under25,Avg_over25,Avg_under25,season,league
23/08/2025,Genoa,Lecce,0,0,D,0,0,D,5,7,2,0,3,7,16,13,17:30,-0.5,1.9,1.95,1.93,1.97,1.95,3.4,4.5,1.91,3.28,4.29,2,3,0,0,1.9,3.3,4.5,1.95,3.25,4.2,1.93,3.43,4.47,2.38,1.57,2.44,1.58,2.36,1.55,2025-26,Serie A
23/08/2025,Sassuolo,Napoli,0,2,A,0,1,A,7,13,2,4,1,2,17,17,17:30,1.0,1.85,2.0,1.87,2.05,6.5,4.2,1.58,6.08,4.02,1.54,3,1,1,0,6.0,4.0,1.57,5.75,4.0,1.57,6.35,3.93,1.6,1.98,1.88,2.02,1.88,1.92,1.83,2025-26,Serie A
23/08/2025,Milan,Cremonese,1,2,A,1,1,D,24,4,6,3,9,2,10,14,19:45,-1.5,2.0,1.85,2.03,1.88,1.36,5.3,9.5,1.34,5.09,8.57,1,4,0,0,1.33,5.25,9.0,1.36,5.0,8.25,1.36,5.42,8.57,1.67,2.2,1.66,2.31,1.61,2.25,2025-26,Serie A
23/08/2025,Roma,Bologna,1,0,H,0,0,D,14,10,4,2,2,4,15,13,19:45,-0.25,1.8,2.05,1.83,2.09,2.15,3.4,3.65,2.1,3.28,3.56,1,1,0,0,2.1,3.3,3.5,2.1,3.3,3.5,2.13,3.32,3.79,2.1,1.73,2.16,1.75,2.11,1.69,2025-26,Serie A
24/08/2025,Cagliari,Fiorentina,1,1,D,0,0,D,14,4,6,1,3,2,18,14,17:30,0.25,1.93,1.93,1.95,1.95,3.33,3.33,2.3,3.17,3.27,2.25,4,2,0,0,3.25,3.3,2.25,3.0,3.3,2.3,3.38,3.32,2.29,2.1,1.73,2.09,1.8,2.03,1.74,2025-26,Serie A
24/08/2025,Como,Lazio,2,0,H,0,0,D,19,5,6,1,6,0,15,12,17:30,-0.25,2.1,1.78,2.14,1.79,2.5,3.35,3.0,2.44,3.29,2.86,2,3,0,0,2.4,3.25,3.0,2.5,3.3,2.8,2.49,3.37,3.0,2.03,1.83,2.03,1.86,1.98,1.78,2025-26,Serie A
24/08/2025,Atalanta,Pisa,1,1,D,0,1,A,21,11,6,2,10,4,9,10,19:45,-1.5,2.08,1.73,2.15,1.76,1.41,5.1,8.0,1.38,4.86,7.63,2,0,0,0,1.4,5.0,7.0,1.4,4.8,7.5,1.42,4.94,7.54,1.67,2.2,1.68,2.27,1.61,2.24,2025-26,Serie A
24/08/2025,Juventus,Parma,2,0,H,0,0,D,25,8,8,2,6,6,9,13,19:45,-1.25,1.98,1.88,2.0,1.91,1.44,4.75,8.0,1.42,4.58,7.26,1,2,1,0,1.42,4.75,7.5,1.43,4.6,7.0,1.43,4.8,7.58,1.73,2.1,1.78,2.11,1.72,2.06,2025-26,Serie A
25/08/2025,Udinese,Verona,1,1,D,0,0,D,14,9,4,3,5,1,14,14,17:30,-0.5,1.98,1.88,1.98,1.92,2.0,3.5,4.1,1.95,3.33,3.95,3,2,0,0,1.95,3.3,4.1,1.98,3.3,4.0,1.98,3.46,4.17,2.2,1.67,2.21,1.72,2.14,1.67,2025-26,Serie A
25/08/2025,Inter,Torino,5,0,H,2,0,H,20,12,9,4,6,5,14,6,19:45,-1.25,1.93,1.93,1.97,1.93,1.44,4.9,8.0,1.41,4.67,7.28,0,0,0,0,1.42,4.75,7.5,1.43,4.6,7.25,1.44,4.83,7.32,1.73,2.1,1.72,2.2,1.68,2.12,2025-26,Serie A
29/08/2025,Cremonese,Sassuolo,3,2,H,2,0,H,11,9,6,6,5,4,12,17,17:30,0.0,1.85,2.0,1.88,2.05,2.6,3.25,2.9,2.55,3.2,2.82,2,2,0,0,2.6,3.2,2.75,2.5,3.25,2.85,2.66,3.25,2.9,2.1,1.73,2.14,1.78,2.04,1.74,2025-26,Serie A
29/08/2025,Lecce,Milan,0,2,A,0,0,D,7,14,2,6,4,5,10,8,19:45,1.0,1.8,2.05,1.85,2.09,6.5,4.0,1.6,6.03,3.94,1.57,1,0,0,0,6.0,3.9,1.57,5.75,4.0,1.58,6.32,3.93,1.62,2.0,1.85,2.03,1.88,1.96,1.81,2025-26,Serie A
30/08/2025,Bologna,Como,1,0,H,0,0,D,15,13,2,2,7,4,13,19,17:30,-0.25,2.1,1.78,2.15,1.79,2.57,3.25,3.1,2.42,3.14,3.04,4,3,0,0,2.45,3.1,3.1,2.45,3.1,3.0,2.53,3.13,3.14,2.3,1.62,2.33,1.66,2.23,1.61,2025-26,Serie A
30/08/2025,Parma,Atalanta,1,1,D,0,0,D,7,11,3,3,1,2,8,15,17:30,0.5,1.9,1.95,1.92,1.99,4.1,3.55,2.08,3.82,3.49,1.96,2,2,0,0,4.1,3.5,1.91,3.8,3.5,1.98,3.99,3.57,1.98,1.93,1.93,1.91,1.97,1.86,1.89,2025-26,Serie A
30/08/2025,Napoli,Cagliari,1,0,H,0,0,D,20,10,6,1,13,0,16,12,19:45,-1.5,1.98,1.88,2.01,1.9,1.33,5.6,11.0,1.3,5.23,10.34,2,1,0,0,1.3,5.0,11.0,1.31,5.25,10.5,1.32,5.39,10.32,1.85,2.0,1.88,2.0,1.78,1.98,2025-26,Serie A
30/08/2025,Pisa,Roma,0,1,A,0,0,D,7,10,3,5,1,7,14,10,19:45,0.75,1.9,1.95,1.93,1.97,5.33,3.9,1.75,4.96,3.69,1.7,2,1,0,0,5.25,3.6,1.7,4.75,3.7,1.73,5.15,3.76,1.74,2.03,1.83,2.04,1.85,1.97,1.79,2025-26,Serie A
31/08/2025,Genoa,Juventus,0,1,A,0,0,D,10,13,1,3,3,4,14,15,17:30,0.5,2.0,1.85,2.0,1.91,4.5,3.5,1.91,4.38,3.36,1.86,1,2,0,0,4.5,3.4,1.85,4.4,3.3,1.87,4.51,3.48,1.9,2.3,1.62,2.41,1.62,2.28,1.59,2025-26,Serie A
31/08/2025,Torino,Fiorentina,0,0,D,0,0,D,7,16,4,4,7,3,21,13,17:30,0.25,1.8,2.05,1.82,2.11,3.2,3.25,2.41,3.13,3.15,2.36,2,2,0,0,3.2,3.1,2.4,3.1,3.2,2.4,3.21,3.16,2.47,2.3,1.62,2.42,1.61,2.24,1.6,2025-26,Serie A
31/08/2025,Inter,Udinese,1,2,A,1,2,A,16,10,4,5,13,2,17,5,19:45,-1.5,1.93,1.93,1.95,1.95,1.33,5.5,10.0,1.31,5.31,9.22,1,3,0,0,1.3,5.25,9.5,1.32,5.5,9.25,1.32,5.63,9.47,1.62,2.3,1.65,2.34,1.61,2.24,2025-26,Serie A
31/08/2025,Lazio,Verona,4,0,H,3,0,H,22,12,6,4,8,1,8,19,19:45,-1.25,2.05,1.75,2.12,1.78,1.48,4.75,7.5,1.45,4.41,6.9,0,0,0,0,1.48,4.33,7.0,1.46,4.4,7.0,1.48,4.47,7.12,1.93,1.93,1.94,1.94,1.84,1.91,2025-26,Serie A
13/09/2025,Cagliari,Parma,2,0,H,1,0,H,12,17,5,5,4,5,15,18,14:00,-0.25,1.85,2.0,1.88,2.03,2.25,3.3,3.6,2.17,3.21,3.49,3,1,0,0,2.15,3.2,3.6,2.15,3.2,3.5,2.2,3.24,3.7,2.2,1.67,2.32,1.66,2.21,1.63,2025-26,Serie A
13/09/2025,Juventus,Inter,4,3,H,2,1,H,12,18,4,4,5,9,14,10,17:00,0.0,1.93,1.93,1.96,1.94,2.83,3.35,2.85,2.72,3.03,2.77,2,1,0,0,2.75,3.0,2.75,2.7,3.0,2.75,2.84,3.07,2.82,2.2,1.67,2.26,1.69,2.2,1.63,2025-26,Serie A
13/09/2025,Fiorentina,Napoli,1,3,A,0,2,A,19,14,3,9,8,5,14,14,19:45,0.25,1.93,1.93,1.95,1.95,3.65,3.45,2.3,3.43,3.14,2.22,0,0,0,0,3.5,3.1,2.25,3.4,3.1,2.25,3.56,3.17,2.29,2.38,1.57,2.48,1.58,2.32,1.57,2025-26,Serie A
14/09/2025,Roma,Torino,0,1,A,0,0,D,22,8,5,4,7,4,11,17,11:30,-1.0,1.88,1.98,1.92,1.99,1.53,4.2,7.0,1.51,4.08,6.65,2,3,0,0,1.5,4.1,7.0,1.52,4.1,6.5,1.52,4.24,6.88,2.05,1.8,2.07,1.81,1.99,1.77,2025-26,Serie A
14/09/2025,Atalanta,Lecce,4,1,H,1,0,H,19,12,8,3,8,2,12,7,14:00,-1.25,1.9,1.95,1.94,1.96,1.45,4.8,8.5,1.4,4.56,7.85,0,0,0,0,1.4,4.5,8.5,1.41,4.75,7.75,1.41,5.07,7.5,1.8,2.0,1.81,2.06,1.75,2.02,2025-26,Serie A
14/09/2025,Pisa,Udinese,0,1,A,0,1,A,12,13,2,3,8,6,13,15,14:00,0.0,1.93,1.93,1.98,1.93,2.95,3.2,2.75,2.78,3.08,2.64,1,2,0,0,2.75,3.1,2.75,2.8,3.1,2.6,2.85,3.11,2.77,2.3,1.62,2.39,1.63,2.28,1.59,2025-26,Serie A
14/09/2025,Sassuolo,Lazio,1,0,H,0,0,D,10,13,3,3,3,7,15,11,17:00,0.5,1.8,2.05,1.82,2.11,3.66,3.6,2.12,3.49,3.49,2.04,6,3,0,0,3.5,3.6,2.05,3.5,3.5,2.05,3.69,3.5,2.1,1.9,1.95,1.94,1.94,1.84,1.92,2025-26,Serie A
14/09/2025,Milan,Bologna,1,0,H,0,0,D,14,5,3,0,7,4,17,16,19:45,-0.5,1.93,1.93,1.92,1.99,1.93,3.7,4.33,1.89,3.48,4.04,3,2,0,0,1.91,3.4,4.2,1.93,3.5,3.9,1.91,3.52,4.42,2.0,1.85,2.0,1.88,1.91,1.84,2025-26,Serie A
15/09/2025,Verona,Cremonese,0,0,D,0,0,D,20,6,9,2,10,1,18,3,17:30,-0.25,2.05,1.8,2.11,1.82,2.4,3.3,3.3,2.34,3.13,3.16,2,1,0,0,2.38,3.1,3.2,2.3,3.2,3.25,2.48,3.13,3.23,2.3,1.62,2.41,1.61,2.24,1.61,2025-26,Serie A
15/09/2025,Como,Genoa,1,1,D,1,0,H,13,13,4,6,0,8,13,17,19:45,-0.75,1.83,2.03,1.87,2.04,1.7,3.8,6.0,1.64,3.68,5.5,2,2,1,0,1.62,3.75,6.0,1.65,3.7,5.75,1.67,3.75,5.86,2.1,1.73,2.19,1.73,2.08,1.71,2025-26,Serie A
19/09/2025,Lecce,Cagliari,1,2,A,1,1,D,11,15,5,6,4,7,10,19,19:45,0.0,1.98,1.88,1.97,1.93,2.88,3.0,2.83,2.8,2.9,2.78,2,3,0,0,2.88,2.9,2.75,2.8,2.9,2.8,2.91,2.96,2.85,2.5,1.53,2.67,1.5,2.55,1.49,2025-26,Serie A
20/09/2025,Bologna,Genoa,2,1,H,0,0,D,14,7,6,4,8,2,12,15,14:00,-0.5,1.85,2.0,1.88,2.04,1.88,3.4,5.25,1.82,3.3,4.78,1,5,0,0,1.83,3.2,5.25,1.82,3.3,4.8,1.87,3.37,4.93,2.5,1.53,2.51,1.55,2.39,1.54,2025-26,Serie A
20/09/2025,Verona,Juventus,1,1,D,1,1,D,14,10,4,4,5,3,18,10,17:00,1.0,1.88,1.98,1.9,2.01,7.0,4.0,1.57,6.5,3.85,1.55,3,3,0,0,6.5,3.9,1.55,6.5,3.9,1.57,6.7,3.98,1.57,2.2,1.67,2.26,1.68,2.18,1.64,2025-26,Serie A
20/09/2025,Udinese,Milan,0,3,A,0,1,A,10,13,4,6,1,4,9,7,19:45,0.5,2.03,1.83,2.04,1.88,4.5,3.8,1.85,4.31,3.57,1.82,2,0,0,0,4.33,3.6,1.83,4.33,3.6,1.82,4.47,3.63,1.86,2.1,1.73,2.12,1.78,1.99,1.78,2025-26,Serie A
21/09/2025,Lazio,Roma,0,1,A,0,1,A,10,13,2,6,3,6,14,22,11:30,0.0,2.0,1.85,2.06,1.85,2.9,3.2,2.63,2.81,3.13,2.58,1,1,2,0,2.8,3.1,2.63,2.8,3.2,2.6,2.96,3.12,2.67,2.3,1.62,2.33,1.65,2.19,1.64,2025-26,Serie A
21/09/2025,Cremonese,Parma,0,0,D,0,0,D,3,15,1,3,3,3,16,8,14:00,0.0,1.83,2.03,1.83,2.1,2.6,3.2,2.9,2.52,3.13,2.87,1,0,0,0,2.55,3.2,2.88,2.55,3.1,2.87,2.6,3.2,2.98,2.2,1.67,2.3,1.67,2.24,1.61,2025-26,Serie A
21/09/2025,Torino,Atalanta,0,3,A,0,3,A,11,9,5,5,1,0,11,9,14:00,0.25,1.95,1.9,1.95,1.95,3.5,3.4,2.2,3.39,3.28,2.14,0,0,0,0,3.25,3.4,2.2,3.5,3.3,2.15,3.38,3.36,2.27,2.2,1.67,2.29,1.68,2.15,1.66,2025-26,Serie A
21/09/2025,Fiorentina,Como,1,2,A,1,0,H,8,19,1,7,2,6,16,19,17:00,0.0,1.85,2.0,1.88,2.04,2.63,3.3,2.83,2.59,3.2,2.73,4,3,0,0,2.6,3.2,2.8,2.6,3.25,2.7,2.64,3.28,2.87,2.1,1.73,2.12,1.78,2.09,1.7,2025-26,Serie A
21/09/2025,Inter,Sassuolo,2,1,H,1,0,H,20,9,6,5,7,3,15,8,19:45,-1.75,2.03,1.83,2.04,1.85,1.29,6.0,12.0,1.27,5.65,10.36,2,1,0,0,1.29,5.5,12.0,1.28,5.75,10.5,1.3,5.67,10.37,1.57,2.38,1.6,2.41,1.54,2.36,2025-26,Serie A
22/09/2025,Napoli,Pisa,3,2,H,1,0,H,18,15,6,6,5,3,10,18,19:45,-1.75,2.03,1.78,2.07,1.83,1.27,6.25,15.0,1.24,5.73,12.86,1,2,0,0,1.27,5.75,12.0,1.26,5.75,12.0,1.26,6.13,12.94,1.83,2.03,1.82,2.05,1.78,1.98,2025-26,Serie A
27/09/2025,Como,Cremonese,1,1,D,1,0,H,14,9,6,2,4,3,16,17,14:00,-1.25,2.0,1.85,2.02,1.89,1.48,4.6,8.0,1.44,4.41,7.45,3,4,1,0,1.45,4.33,8.0,1.47,4.33,7.0,1.47,4.63,7.03,1.88,1.98,1.87,2.02,1.85,1.9,2025-26,Serie A
27/09/2025,Juventus,Atalanta,1,1,D,0,1,A,24,12,10,2,14,5,6,7,17:00,-0.5,1.85,2.0,1.89,2.02,1.91,3.7,4.2,1.86,3.55,4.16,0,3,0,1,1.85,3.6,4.2,1.88,3.5,4.2,1.88,3.71,4.28,2.03,1.83,2.03,1.86,1.97,1.79,2025-26,Serie A
27/09/2025,Cagliari,Inter,0,2,A,0,1,A,6,20,0,5,4,4,13,14,19:45,1.0,1.93,1.93,1.93,1.97,6.0,4.25,1.57,5.85,4.16,1.54,0,2,0,0,6.0,4.2,1.53,5.75,4.2,1.55,5.98,4.42,1.55,1.8,2.0,1.78,2.11,1.76,2.01,2025-26,Serie A
28/09/2025,Sassuolo,Udinese,3,1,H,2,0,H,11,12,5,5,1,5,5,22,11:30,-0.25,1.98,1.88,2.04,1.88,2.3,3.4,3.3,2.27,3.25,3.15,0,3,0,0,2.3,3.2,3.3,2.3,3.25,3.1,2.37,3.33,3.22,2.1,1.73,2.16,1.75,2.07,1.71,2025-26,Serie A
28/09/2025,Pisa,Fiorentina,0,0,D,0,0,D,11,14,1,2,4,6,15,15,14:00,0.25,1.93,1.93,1.97,1.93,3.4,3.33,2.3,3.31,3.2,2.24,0,1,0,0,3.3,3.25,2.25,3.25,3.2,2.3,3.47,3.33,2.25,2.2,1.67,2.32,1.66,2.25,1.61,2025-26,Serie A
28/09/2025,Roma,Verona,2,0,H,1,0,H,10,12,5,3,8,1,11,19,14:00,-1.25,2.03,1.83,2.04,1.87,1.47,4.33,8.5,1.42,4.21,8.09,0,4,0,0,1.42,4.2,8.5,1.44,4.2,8.0,1.47,4.41,7.5,2.1,1.73,2.1,1.79,2.08,1.71,2025-26,Serie A
28/09/2025,Lecce,Bologna,2,2,D,1,1,D,12,14,4,5,3,9,13,13,17:00,0.5,1.8,2.05,1.83,2.09,4.2,3.2,2.1,3.94,3.07,2.06,4,2,0,0,4.2,3.0,2.05,4.0,3.0,2.1,4.17,3.19,2.08,2.5,1.53,2.56,1.53,2.52,1.49,2025-26,Serie A
28/09/2025,Milan,Napoli,2,1,H,2,0,H,6,19,3,7,1,7,7,7,19:45,-0.25,2.0,1.85,2.01,1.9,2.4,3.25,3.2,2.36,3.19,3.08,1,0,1,0,2.35,3.1,3.2,2.4,3.2,3.0,2.34,3.3,3.3,2.1,1.73,2.19,1.73,2.12,1.68,2025-26,Serie A
29/09/2025,Parma,Torino,2,1,H,1,0,H,13,15,2,4,4,3,10,12,17:30,-0.25,1.95,1.9,2.0,1.91,2.33,3.25,3.4,2.24,3.13,3.35,3,3,0,0,2.3,3.1,3.4,2.15,3.25,3.4,2.34,3.19,3.42,2.2,1.67,2.24,1.7,2.19,1.64,2025-26,Serie A
29/09/2025,Genoa,Lazio,0,3,A,0,2,A,17,10,5,6,6,0,18,16,19:45,0.0,2.05,1.8,2.1,1.83,3.1,3.15,2.6,2.97,3.06,2.5,5,1,0,0,3.0,3.0,2.6,2.95,3.1,2.5,3.02,3.12,2.63,2.3,1.62,2.4,1.62,2.29,1.58,2025-26,Serie A
03/10/2025,Verona,Sassuolo,0,1,A,0,0,D,17,11,9,3,4,2,14,12,19:45,-0.25,2.1,1.7,2.27,1.7,2.54,3.2,3.1,2.45,3.12,2.99,2,2,0,0,2.5,3.1,3.0,2.45,3.1,3.0,2.68,3.15,2.92,2.3,1.62,2.3,1.67,2.22,1.62,2025-26,Serie A
04/10/2025,Lazio,Torino,3,3,D,2,1,H,9,16,4,8,3,5,13,22,14:00,-0.75,1.95,1.9,1.94,1.96,1.75,3.65,5.66,1.71,3.56,5.11,3,3,0,0,1.7,3.6,5.25,1.73,3.6,5.0,1.72,3.53,5.74,2.1,1.73,2.15,1.75,2.06,1.72,2025-26,Serie A
04/10/2025,Parma,Lecce,0,1,A,0,1,A,10,7,2,3,4,9,16,16,14:00,-0.5,1.85,2.0,1.86,2.05,1.87,3.7,4.5,1.83,3.54,4.33,1,2,0,0,1.85,3.7,4.1,1.82,3.5,4.4,1.85,3.68,4.45,2.2,1.67,2.25,1.69,2.14,1.67,2025-26,Serie A
04/10/2025,Inter,Cremonese,4,1,H,2,0,H,27,3,9,2,13,1,9,8,17:00,-2.0,1.98,1.88,1.97,1.92,1.2,7.5,16.0,1.18,6.95,14.36,1,1,0,0,1.2,6.5,15.0,1.2,7.0,14.0,1.21,7.35,12.7,1.5,2.63,1.48,2.66,1.47,2.58,2025-26,Serie A
04/10/2025,Atalanta,Como,1,1,D,1,1,D,16,12,4,4,8,3,10,19,19:45,-0.25,1.93,1.93,1.95,1.95,2.25,3.55,3.33,2.18,3.43,3.21,1,3,0,0,2.2,3.4,3.25,2.2,3.4,3.2,2.27,3.4,3.35,1.73,2.1,1.81,2.08,1.74,2.03,2025-26,Serie A
05/10/2025,Udinese,Cagliari,1,1,D,0,1,A,23,8,4,2,7,2,14,16,11:30,-0.25,1.83,2.03,1.87,2.05,2.2,3.25,3.75,2.17,3.19,3.51,1,2,0,0,2.15,3.2,3.6,2.2,3.2,3.5,2.19,3.16,3.83,2.3,1.62,2.43,1.61,2.26,1.6,2025-26,Serie A
05/10/2025,Bologna,Pisa,4,0,H,3,0,H,24,2,7,0,2,2,16,12,14:00,-0.75,1.78,2.1,1.83,2.09,1.62,4.0,6.0,1.6,3.77,5.86,0,1,0,1,1.6,3.9,5.75,1.6,3.8,6.0,1.63,3.83,6.17,2.2,1.67,2.23,1.7,2.18,1.64,2025-26,Serie A
05/10/2025,Fiorentina,Roma,1,2,A,1,2,A,11,8,3,3,3,4,19,21,14:00,0.0,2.08,1.73,2.17,1.76,3.0,3.35,2.45,2.94,3.26,2.39,2,3,0,0,3.0,3.3,2.4,2.9,3.3,2.4,3.07,3.26,2.5,2.0,1.8,2.2,1.72,2.02,1.74,2025-26,Serie A
05/10/2025,Napoli,Genoa,2,1,H,0,1,A,12,6,5,1,7,5,16,15,17:00,-1.0,1.85,2.0,1.89,2.01,1.5,4.1,8.0,1.47,4.0,7.55,1,3,0,0,1.48,4.0,8.0,1.49,4.0,7.25,1.5,4.04,8.09,2.2,1.67,2.32,1.65,2.22,1.63,2025-26,Serie A
05/10/2025,Juventus,Milan,0,0,D,0,0,D,12,13,3,4,6,0,15,8,19:45,0.0,1.93,1.93,1.96,1.94,2.71,3.3,2.8,2.63,3.19,2.71,2,2,0,0,2.7,3.2,2.7,2.6,3.25,2.7,2.78,3.21,2.76,2.1,1.73,2.12,1.78,2.05,1.72,2025-26,Serie A
18/10/2025,Lecce,Sassuolo,0,0,D,0,0,D,11,9,2,2,6,4,16,14,14:00,0.0,2.1,1.78,2.11,1.81,3.0,3.2,2.6,2.91,3.14,2.51,2,2,0,0,2.9,3.2,2.5,2.95,3.2,2.5,3.03,3.12,2.62,2.2,1.67,2.35,1.65,2.18,1.64,2025-26,Serie A
18/10/2025,Pisa,Verona,0,0,D,0,0,D,7,15,0,3,3,8,8,14,14:00,0.0,1.8,2.05,1.84,2.08,2.6,3.15,3.05,2.52,3.08,2.94,4,2,0,0,2.55,3.1,2.9,2.5,3.1,2.95,2.64,3.15,2.97,2.38,1.57,2.47,1.58,2.33,1.56,2025-26,Serie A
18/10/2025,Torino,Napoli,1,0,H,1,0,H,12,22,2,5,3,11,9,9,17:00,0.75,1.8,2.05,1.84,2.08,5.5,3.5,1.8,4.98,3.41,1.77,1,2,0,0,5.25,3.3,1.8,4.8,3.5,1.75,5.69,3.25,1.81,2.2,1.67,2.27,1.68,2.14,1.67,2025-26,Serie A
18/10/2025,Roma,Inter,0,1,A,0,1,A,15,12,5,3,4,5,18,29,19:45,0.25,1.9,1.95,1.93,1.97,3.4,3.3,2.33,3.24,3.22,2.27,4,3,0,0,3.3,3.25,2.25,3.25,3.25,2.25,3.45,3.22,2.31,2.1,1.73,2.15,1.76,2.06,1.72,2025-26,Serie A
19/10/2025,Como,Juventus,2,0,H,1,0,H,12,15,6,3,4,1,17,15,11:30,0.25,1.73,2.08,1.76,2.17,3.0,3.33,2.5,2.92,3.24,2.43,3,1,0,0,2.88,3.25,2.5,2.95,3.3,2.4,3.01,3.25,2.54,2.1,1.73,2.21,1.72,2.07,1.71,2025-26,Serie A
19/10/2025,Cagliari,Bologna,0,2,A,0,1,A,4,10,3,7,2,7,15,22,14:00,0.25,2.03,1.83,2.05,1.86,3.6,3.35,2.16,3.54,3.22,2.13,1,3,0,0,3.6,3.3,2.1,3.6,3.2,2.15,3.72,3.27,2.18,2.3,1.62,2.35,1.65,2.24,1.61,2025-26,Serie A
19/10/2025,Genoa,Parma,0,0,D,0,0,D,23,1,7,0,3,0,15,13,14:00,-0.25,1.8,2.05,1.82,2.11,2.15,3.15,4.0,2.1,3.07,3.83,2,5,0,1,2.1,3.0,4.0,2.1,3.1,3.8,2.14,3.15,4.03,2.5,1.53,2.56,1.55,2.45,1.52,2025-26,Serie A
19/10/2025,Atalanta,Lazio,0,0,D,0,0,D,16,4,6,1,7,1,10,5,17:00,-0.75,1.93,1.93,1.94,1.96,1.73,4.1,4.75,1.7,3.88,4.59,4,0,0,0,1.73,4.0,4.5,1.73,3.8,4.6,1.71,4.2,4.67,1.8,2.0,1.82,2.06,1.78,1.99,2025-26,Serie A
19/10/2025,Milan,Fiorentina,2,1,H,0,0,D,14,5,4,1,1,3,14,12,19:45,-1.0,1.93,1.93,1.95,1.95,1.55,4.33,6.5,1.52,4.16,6.06,3,3,0,0,1.5,4.33,6.5,1.53,4.1,6.25,1.56,4.33,6.09,1.88,1.98,1.9,1.99,1.83,1.93,2025-26,Serie A
20/10/2025,Cremonese,Udinese,1,1,D,1,0,H,11,8,4,1,5,4,15,14,19:45,0.25,1.78,2.1,1.79,2.15,3.0,3.25,2.5,2.96,3.15,2.44,4,2,0,0,3.0,3.25,2.4,2.87,3.2,2.5,3.08,3.23,2.51,2.2,1.67,2.31,1.67,2.18,1.65,2025-26,Serie A
24/10/2025,Milan,Pisa,2,2,D,1,0,H,20,8,7,2,6,2,8,21,19:45,-1.5,1.93,1.93,2.0,1.93,1.33,5.5,11.0,1.3,5.19,10.14,1,3,0,0,1.3,5.5,10.0,1.32,5.25,9.75,1.3,5.66,10.97,1.8,2.05,1.83,2.06,1.77,2.01,2025-26,Serie A
25/10/2025,Parma,Como,0,0,D,0,0,D,10,6,3,2,3,3,7,14,14:00,0.5,1.88,1.98,1.92,1.99,3.9,3.6,2.02,3.8,3.46,1.97,0,1,0,0,3.9,3.5,1.95,3.7,3.4,2.0,4.06,3.53,1.98,2.05,1.75,2.11,1.79,1.99,1.78,2025-26,Serie A
25/10/2025,Udinese,Lecce,3,2,H,2,0,H,8,13,4,3,4,9,12,12,14:00,-0.5,1.83,2.03,1.87,2.04,1.83,3.55,4.75,1.8,3.45,4.64,2,2,0,0,1.8,3.4,4.75,1.8,3.5,4.5,1.86,3.42,4.86,2.2,1.67,2.26,1.69,2.18,1.65,2025-26,Serie A
25/10/2025,Napoli,Inter,3,1,H,1,0,H,7,15,3,3,1,4,15,10,17:00,0.0,2.1,1.7,2.11,1.81,3.05,3.25,2.54,2.96,3.17,2.45,2,1,0,0,3.0,3.1,2.4,2.95,3.2,2.5,3.02,3.15,2.6,2.1,1.73,2.18,1.74,2.08,1.7,2025-26,Serie A
25/10/2025,Cremonese,Atalanta,1,1,D,0,0,D,9,20,5,6,2,10,6,8,19:45,0.75,2.05,1.75,2.11,1.81,5.5,4.2,1.63,5.24,4.01,1.62,3,1,0,0,5.0,4.2,1.62,5.25,4.0,1.62,5.41,4.18,1.63,1.88,1.98,1.91,1.98,1.81,1.94,2025-26,Serie A
26/10/2025,Torino,Genoa,2,1,H,0,1,A,13,11,6,3,9,1,14,9,11:30,-0.25,1.95,1.9,1.97,1.93,2.38,3.0,3.6,2.3,2.94,3.47,2,2,0,0,2.25,2.9,3.5,2.3,3.0,3.5,2.35,2.96,3.71,2.75,1.44,2.78,1.46,2.63,1.45,2025-26,Serie A
26/10/2025,Sassuolo,Roma,0,1,A,0,1,A,11,15,1,8,6,6,18,16,14:00,0.5,2.0,1.85,2.02,1.88,4.6,3.7,1.88,4.33,3.53,1.83,3,2,0,0,4.5,3.5,1.85,4.2,3.5,1.87,4.5,3.56,1.88,2.1,1.73,2.18,1.74,2.06,1.72,2025-26,Serie A
26/10/2025,Verona,Cagliari,2,2,D,1,0,H,10,7,6,3,3,2,16,12,14:00,-0.25,1.9,1.95,1.9,2.0,2.3,3.1,3.75,2.24,3.06,3.47,3,4,0,0,2.25,3.0,3.6,2.3,3.1,3.3,2.24,3.1,3.76,2.5,1.53,2.5,1.56,2.45,1.51,2025-26,Serie A
26/10/2025,Fiorentina,Bologna,2,2,D,0,1,A,19,6,7,3,5,6,13,20,17:00,0.0,1.88,1.98,1.91,2.0,2.75,3.2,2.8,2.66,3.13,2.73,3,5,0,1,2.7,3.1,2.75,2.65,3.2,2.75,2.72,3.18,2.85,2.2,1.67,2.32,1.66,2.24,1.61,2025-26,Serie A
26/10/2025,Lazio,Juventus,1,0,H,1,0,H,13,14,3,5,2,5,11,18,19:45,0.25,1.88,1.98,1.88,2.02,3.33,3.25,2.38,3.2,3.14,2.31,2,4,0,0,3.2,3.25,2.3,3.2,3.2,2.3,3.42,3.12,2.38,2.2,1.67,2.32,1.66,2.2,1.63,2025-26,Serie A
28/10/2025,Lecce,Napoli,0,1,A,0,0,D,7,14,2,3,3,5,10,14,17:30,1.0,1.85,2.0,1.92,2.01,7.0,4.0,1.57,6.71,3.81,1.54,2,1,0,0,6.5,3.75,1.55,6.5,3.9,1.55,7.2,3.94,1.56,2.2,1.67,2.3,1.68,2.17,1.66,2025-26,Serie A
28/10/2025,Atalanta,Milan,1,1,D,1,1,D,17,6,3,1,9,4,9,8,19:45,0.0,1.9,1.95,1.93,2.0,2.63,3.4,2.8,2.61,3.26,2.68,1,3,0,0,2.63,3.2,2.75,2.6,3.4,2.65,2.71,3.3,2.81,2.0,1.85,2.03,1.88,1.91,1.85,2025-26,Serie A
29/10/2025,Como,Verona,3,1,H,1,1,D,15,13,5,9,1,3,11,21,17:30,-0.75,1.75,2.05,1.85,2.07,1.65,3.95,6.6,1.6,3.7,6.03,1,4,0,0,1.6,3.6,6.5,1.62,3.75,5.75,1.66,3.59,6.37,2.1,1.73,2.17,1.74,2.12,1.72,2025-26,Serie A
29/10/2025,Juventus,Udinese,3,1,H,1,1,D,25,8,11,2,8,4,12,13,17:30,-1.25,2.05,1.8,2.12,1.79,1.48,4.6,8.5,1.44,4.32,7.42,1,4,0,0,1.44,4.1,8.5,1.46,4.33,7.25,1.47,4.5,7.44,1.98,1.88,1.98,1.91,1.91,1.86,2025-26,Serie A
29/10/2025,Roma,Parma,2,1,H,0,0,D,18,8,6,5,9,2,8,9,17:30,-1.0,1.93,1.93,1.98,1.93,1.53,4.2,7.5,1.5,4.04,6.86,0,3,0,0,1.53,3.75,7.5,1.51,4.1,6.5,1.54,4.08,6.92,2.1,1.73,2.16,1.74,2.05,1.72,2025-26,Serie A
29/10/2025,Bologna,Torino,0,0,D,0,0,D,11,8,2,2,3,3,11,20,19:45,-0.75,2.03,1.83,2.07,1.85,1.81,3.55,5.0,1.77,3.45,4.86,2,3,0,0,1.75,3.5,5.0,1.78,3.5,4.75,1.81,3.46,5.16,2.2,1.67,2.3,1.67,2.22,1.62,2025-26,Serie A
29/10/2025,Genoa,Cremonese,0,2,A,0,1,A,16,12,1,4,7,3,16,13,19:45,-0.5,1.85,2.0,1.88,2.03,1.88,3.4,5.0,1.84,3.28,4.72,3,1,0,0,1.85,3.25,4.75,1.85,3.4,4.5,1.87,3.3,5.08,2.5,1.53,2.57,1.53,2.44,1.52,2025-26,Serie A
29/10/2025,Inter,Fiorentina,3,0,H,0,0,D,22,10,8,2,8,5,11,16,19:45,-1.25,1.88,1.98,1.93,1.97,1.4,5.0,8.5,1.38,4.77,8.1,1,2,0,1,1.38,4.5,8.5,1.39,4.8,7.75,1.41,5.02,7.67,1.73,2.1,1.75,2.16,1.69,2.1,2025-26,Serie A
30/10/2025,Cagliari,Sassuolo,1,2,A,0,0,D,8,12,1,4,6,7,20,21,17:30,0.0,1.83,2.03,1.87,2.04,2.66,3.25,2.9,2.54,3.17,2.83,4,4,0,0,2.6,3.1,2.88,2.55,3.2,2.85,2.66,3.19,2.91,2.2,1.67,2.24,1.7,2.16,1.66,2025-26,Serie A
30/10/2025,Pisa,Lazio,0,0,D,0,0,D,10,11,2,6,3,1,16,12,19:45,0.25,2.03,1.83,2.06,1.85,3.85,3.3,2.15,3.64,3.22,2.09,2,2,0,0,3.7,3.25,2.1,3.5,3.25,2.15,3.78,3.24,2.17,2.2,1.67,2.33,1.65,2.2,1.63,2025-26,Serie A
01/11/2025,Udinese,Atalanta,1,0,H,1,0,H,11,5,5,0,5,4,14,11,14:00,0.75,1.78,2.03,1.85,2.07,4.5,3.8,1.84,4.3,3.69,1.8,1,3,0,0,4.5,3.6,1.8,4.33,3.7,1.82,4.45,3.87,1.81,1.85,2.0,1.87,2.03,1.82,1.93,2025-26,Serie A
01/11/2025,Napoli,Como,0,0,D,0,0,D,13,13,8,2,4,2,15,16,17:00,-0.5,1.98,1.88,2.01,1.89,2.0,3.35,4.75,1.93,3.21,4.35,3,2,0,0,1.95,3.1,4.5,1.93,3.3,4.2,2.0,3.1,4.71,2.2,1.67,2.27,1.68,2.16,1.66,2025-26,Serie A
01/11/2025,Cremonese,Juventus,1,2,A,0,1,A,9,15,2,5,2,3,10,14,19:45,1.0,2.0,1.85,2.02,1.88,7.5,4.33,1.51,6.8,4.2,1.48,1,0,0,0,6.5,4.33,1.5,6.5,4.2,1.5,6.84,4.32,1.52,1.98,1.88,1.96,1.93,1.91,1.85,2025-26,Serie A
02/11/2025,Verona,Inter,1,2,A,1,1,D,8,21,2,6,4,8,15,4,11:30,1.25,1.88,1.98,1.93,1.97,8.0,5.0,1.44,7.59,4.7,1.39,2,1,0,0,7.5,4.5,1.42,7.0,4.75,1.42,7.61,5.11,1.41,1.8,2.0,1.84,2.06,1.76,2.01,2025-26,Serie A
02/11/2025,Fiorentina,Lecce,0,1,A,0,1,A,15,11,4,4,4,4,14,21,14:00,-0.75,1.83,2.03,1.86,2.05,1.65,3.8,6.0,1.62,3.73,5.62,4,1,0,0,1.62,3.8,5.75,1.63,3.8,5.5,1.66,3.85,5.74,2.2,1.67,2.21,1.72,2.12,1.68,2025-26,Serie A
02/11/2025,Torino,Pisa,2,2,D,2,2,D,15,11,3,3,4,2,14,8,14:00,-0.5,1.98,1.88,2.02,1.89,1.97,3.4,4.33,1.93,3.29,4.16,2,1,0,0,1.95,3.25,4.33,1.95,3.25,4.2,2.01,3.32,4.26,2.3,1.62,2.42,1.61,2.25,1.6,2025-26,Serie A
02/11/2025,Parma,Bologna,1,3,A,1,1,D,7,22,1,6,1,5,16,15,17:00,0.5,1.8,2.05,1.79,2.13,4.35,3.2,2.1,4.02,3.08,2.05,3,2,1,0,4.2,3.0,2.05,3.9,3.1,2.1,4.24,3.05,2.13,2.5,1.53,2.55,1.55,2.4,1.53,2025-26,Serie A
02/11/2025,Milan,Roma,1,0,H,1,0,H,17,20,8,6,7,8,12,13,19:45,-0.25,1.85,2.0,1.84,2.08,2.22,3.2,3.85,2.13,3.12,3.68,1,5,0,0,2.2,3.0,3.7,2.1,3.2,3.75,2.16,3.21,3.87,2.2,1.67,2.27,1.68,2.21,1.63,2025-26,Serie A
03/11/2025,Sassuolo,Genoa,1,2,A,0,1,A,13,16,4,5,3,7,13,13,17:30,-0.25,2.1,1.78,2.08,1.83,2.5,3.1,3.25,2.42,3.02,3.12,1,3,0,0,2.45,3.0,3.2,2.45,3.0,3.1,2.45,3.1,3.3,2.5,1.53,2.53,1.54,2.4,1.53,2025-26,Serie A
03/11/2025,Lazio,Cagliari,2,0,H,0,0,D,8,17,3,5,7,5,8,18,19:45,-1.0,2.0,1.85,2.04,1.87,1.58,4.0,7.0,1.55,3.95,6.05,0,2,0,0,1.53,3.8,7.0,1.58,4.0,5.75,1.58,4.15,6.08,1.98,1.88,1.97,1.92,1.93,1.83,2025-26,Serie A
07/11/2025,Pisa,Cremonese,1,0,H,0,0,D,14,13,6,3,4,5,11,17,19:45,-0.25,1.95,1.9,1.97,1.94,2.3,3.1,3.66,2.26,3.03,3.49,4,2,0,0,2.25,3.1,3.4,2.25,3.1,3.5,2.34,3.05,3.68,2.38,1.57,2.47,1.58,2.35,1.57,2025-26,Serie A
08/11/2025,Como,Cagliari,0,0,D,0,0,D,10,4,6,2,10,0,21,15,14:00,-1.0,1.83,2.03,1.85,2.06,1.5,4.5,7.0,1.48,4.27,6.69,3,1,0,0,1.48,4.5,6.5,1.5,4.2,6.5,1.5,4.51,6.65,1.9,1.95,1.93,1.96,1.86,1.9,2025-26,Serie A
08/11/2025,Lecce,Verona,0,0,D,0,0,D,11,5,6,2,7,2,10,18,14:00,0.0,1.85,2.0,1.89,2.02,2.85,3.0,3.0,2.73,2.86,2.91,1,4,0,0,2.75,2.9,2.9,2.65,3.0,2.85,2.83,2.88,3.02,2.63,1.5,2.7,1.49,2.57,1.48,2025-26,Serie A
08/11/2025,Juventus,Torino,0,0,D,0,0,D,22,8,6,3,6,2,9,4,17:00,-1.0,1.85,2.0,1.88,2.03,1.53,4.2,7.5,1.49,4.07,7.02,0,1,0,0,1.5,4.1,7.0,1.49,4.2,7.0,1.51,4.16,7.34,2.05,1.8,2.06,1.84,2.0,1.76,2025-26,Serie A
08/11/2025,Parma,Milan,2,2,D,1,2,A,14,10,4,5,4,3,14,10,19:45,1.0,1.8,2.05,1.83,2.09,6.25,4.1,1.62,5.89,3.87,1.58,1,1,0,0,5.75,4.0,1.57,5.75,3.7,1.62,6.27,3.93,1.6,2.1,1.73,2.16,1.74,2.07,1.71,2025-26,Serie A
09/11/2025,Atalanta,Sassuolo,0,3,A,0,1,A,14,8,2,4,4,1,9,8,11:30,-1.25,2.0,1.85,2.01,1.9,1.48,5.0,7.2,1.43,4.61,6.8,0,2,0,0,1.44,4.5,7.0,1.46,4.5,6.75,1.44,4.89,7.09,1.67,2.2,1.71,2.22,1.65,2.17,2025-26,Serie A
09/11/2025,Bologna,Napoli,2,0,H,0,0,D,11,4,4,1,5,4,14,15,14:00,0.0,2.1,1.78,2.13,1.8,3.1,3.1,2.6,2.97,3.01,2.55,1,3,0,0,3.0,3.1,2.55,2.9,3.1,2.55,3.08,3.07,2.61,2.5,1.53,2.52,1.55,2.45,1.52,2025-26,Serie A
09/11/2025,Genoa,Fiorentina,2,2,D,1,1,D,10,7,6,3,3,7,20,15,14:00,0.0,1.93,1.93,1.94,1.96,2.85,3.0,2.83,2.78,2.97,2.73,2,3,0,0,2.75,3.0,2.75,2.8,3.0,2.7,2.84,3.01,2.87,2.5,1.53,2.56,1.53,2.47,1.51,2025-26,Serie A
09/11/2025,Roma,Udinese,2,0,H,1,0,H,13,10,4,4,3,4,13,14,17:00,-1.0,1.98,1.88,2.02,1.89,1.58,4.0,6.5,1.55,3.94,6.05,2,1,0,0,1.55,4.0,6.25,1.55,4.0,6.0,1.57,4.08,6.47,2.03,1.83,2.08,1.83,1.99,1.77,2025-26,Serie A
09/11/2025,Inter,Lazio,2,0,H,1,0,H,8,8,3,5,3,1,26,11,19:45,-1.5,2.03,1.78,2.07,1.85,1.4,5.5,9.0,1.35,5.02,8.09,3,1,0,0,1.36,5.0,8.0,1.37,5.0,8.0,1.36,5.69,7.78,1.67,2.2,1.7,2.23,1.65,2.16,2025-26,Serie A
22/11/2025,Cagliari,Genoa,3,3,D,2,2,D,11,13,5,8,6,2,22,16,14:00,0.0,1.98,1.88,2.01,1.89,2.92,3.0,2.75,2.84,2.93,2.72,4,3,0,1,2.88,3.0,2.75,2.8,3.0,2.7,2.98,2.92,2.81,2.75,1.44,2.81,1.45,2.64,1.45,2025-26,Serie A
22/11/2025,Udinese,Bologna,0,3,A,0,0,D,12,10,3,5,7,2,19,16,14:00,0.25,2.05,1.8,2.08,1.84,3.95,3.25,2.12,3.74,3.19,2.08,0,1,0,0,3.75,3.2,2.1,3.7,3.2,2.1,3.91,3.16,2.16,2.3,1.62,2.38,1.63,2.24,1.61,2025-26,Serie A
22/11/2025,Fiorentina,Juventus,1,1,D,0,1,A,11,17,2,4,7,3,11,18,17:00,0.5,1.83,2.03,1.87,2.04,4.0,3.45,2.05,3.8,3.38,2.0,2,3,0,0,3.9,3.4,2.0,3.7,3.4,2.05,3.94,3.47,2.03,2.1,1.73,2.15,1.76,2.08,1.71,2025-26,Serie A
22/11/2025,Napoli,Atalanta,3,1,H,3,0,H,11,14,6,3,5,3,11,12,19:45,-0.25,1.9,1.95,1.94,1.96,2.25,3.35,3.55,2.19,3.25,3.4,1,2,0,0,2.25,3.25,3.4,2.2,3.3,3.4,2.27,3.22,3.54,2.1,1.73,2.15,1.76,2.05,1.73,2025-26,Serie A
23/11/2025,Verona,Parma,1,2,A,0,1,A,10,15,2,7,4,4,24,6,11:30,-0.25,1.93,1.93,1.95,1.95,2.38,3.1,3.6,2.29,3.05,3.36,4,3,0,0,2.25,3.0,3.6,2.25,3.1,3.4,2.3,3.13,3.59,2.5,1.53,2.53,1.54,2.48,1.5,2025-26,Serie A
23/11/2025,Cremonese,Roma,1,3,A,0,1,A,9,12,4,6,3,5,12,16,14:00,0.75,2.03,1.83,2.07,1.85,6.0,3.8,1.67,5.62,3.74,1.62,2,2,0,0,6.0,3.75,1.62,5.5,3.75,1.63,5.79,3.9,1.65,2.1,1.73,2.14,1.76,2.07,1.71,2025-26,Serie A
23/11/2025,Lazio,Lecce,2,0,H,1,0,H,19,5,9,1,8,2,8,13,17:00,-0.75,1.8,2.05,1.83,2.08,1.63,3.8,6.25,1.61,3.7,5.83,1,1,0,0,1.62,3.7,6.25,1.62,3.8,5.75,1.63,3.75,6.34,2.2,1.67,2.27,1.68,2.15,1.65,2025-26,Serie A
23/11/2025,Inter,Milan,0,1,A,0,0,D,20,7,6,3,9,1,7,9,19:45,-0.5,1.95,1.9,2.0,1.91,1.95,3.5,4.25,1.91,3.44,3.95,1,2,0,0,1.9,3.5,4.0,1.9,3.5,4.0,1.99,3.48,4.09,1.88,1.98,1.89,1.99,1.85,1.9,2025-26,Serie A
24/11/2025,Torino,Como,1,5,A,1,1,D,10,15,2,7,3,4,6,9,17:30,0.25,1.93,1.93,1.96,1.94,3.6,3.25,2.2,3.42,3.19,2.18,0,1,0,0,3.5,3.25,2.2,3.3,3.25,2.2,3.52,3.24,2.27,2.3,1.62,2.37,1.63,2.26,1.6,2025-26,Serie A
24/11/2025,Sassuolo,Pisa,2,2,D,1,1,D,22,10,7,3,5,2,10,10,19:45,-0.5,2.08,1.73,2.11,1.81,2.1,3.3,4.0,2.04,3.22,3.8,2,1,0,0,2.1,3.2,3.75,2.05,3.3,3.8,2.1,3.24,4.01,2.3,1.62,2.33,1.65,2.22,1.62,2025-26,Serie A
28/11/2025,Como,Sassuolo,2,0,H,1,0,H,18,12,13,5,4,4,11,7,19:45,-0.75,1.98,1.88,1.99,1.93,1.75,3.95,5.1,1.69,3.76,4.93,2,1,0,0,1.73,3.6,5.0,1.68,3.8,5.0,1.76,3.79,5.06,1.91,1.91,1.99,1.92,1.89,1.86,2025-26,Serie A
29/11/2025,Genoa,Verona,2,1,H,1,1,D,15,13,4,5,2,3,9,19,14:00,-0.5,2.05,1.8,2.09,1.83,2.1,3.1,4.33,2.04,3.01,4.13,1,3,0,0,2.05,3.0,4.2,2.05,3.0,4.1,2.08,3.08,4.38,2.75,1.44,2.78,1.47,2.69,1.44,2025-26,Serie A
29/11/2025,Parma,Udinese,0,2,A,0,1,A,17,14,2,5,5,9,6,19,14:00,0.0,1.88,1.98,1.93,1.98,2.75,3.2,2.88,2.64,3.09,2.8,1,2,1,1,2.7,3.0,2.8,2.6,3.2,2.75,2.77,3.12,2.85,2.3,1.62,2.4,1.62,2.25,1.6,2025-26,Serie A
29/11/2025,Juventus,Cagliari,2,1,H,2,1,H,14,5,6,3,1,6,16,16,17:00,-1.5,2.03,1.83,2.05,1.87,1.35,5.5,11.0,1.31,4.92,10.14,1,5,0,0,1.3,5.5,10.0,1.35,4.8,9.75,1.33,5.44,9.97,1.93,1.93,1.93,1.95,1.91,1.85,2025-26,Serie A
29/11/2025,Milan,Lazio,1,0,H,0,0,D,16,9,4,4,1,4,10,12,19:45,-0.75,1.8,2.05,1.83,2.09,1.64,3.9,6.0,1.61,3.78,5.72,3,3,0,0,1.62,3.8,5.75,1.61,3.75,5.75,1.63,4.03,5.67,2.1,1.73,2.2,1.72,2.1,1.69,2025-26,Serie A
30/11/2025,Lecce,Torino,2,1,H,2,0,H,10,15,2,6,6,6,16,22,11:30,0.0,2.05,1.8,2.1,1.82,3.1,3.05,2.7,2.95,2.95,2.61,2,3,0,0,3.0,2.88,2.7,2.95,2.95,2.6,3.08,2.99,2.67,2.75,1.44,2.73,1.48,2.59,1.47,2025-26,Serie A
30/11/2025,Pisa,Inter,0,2,A,0,0,D,10,14,2,3,4,6,13,15,14:00,1.5,1.88,1.98,1.93,1.97,10.0,5.75,1.35,9.34,5.16,1.31,2,1,0,0,8.0,5.75,1.3,9.0,5.0,1.34,9.18,5.73,1.32,1.73,2.1,1.75,2.16,1.72,2.06,2025-26,Serie A
30/11/2025,Atalanta,Fiorentina,2,0,H,1,0,H,21,15,9,3,4,5,15,10,17:00,-0.75,1.93,1.93,1.95,1.95,1.75,4.0,4.75,1.71,3.78,4.65,1,3,0,0,1.73,3.75,4.75,1.73,3.75,4.6,1.74,3.9,4.91,1.91,1.91,1.9,1.98,1.85,1.9,2025-26,Serie A
30/11/2025,Roma,Napoli,0,1,A,0,1,A,8,8,2,5,4,2,14,13,19:45,0.0,1.78,2.1,1.82,2.11,2.63,3.0,3.2,2.54,2.89,3.08,4,3,0,0,2.6,2.88,3.1,2.5,2.95,3.1,2.7,2.92,3.12,2.5,1.53,2.53,1.54,2.46,1.52,2025-26,Serie A
01/12/2025,Bologna,Cremonese,1,3,A,1,2,A,29,10,7,5,13,8,13,12,19:45,-1.0,1.8,2.05,1.82,2.11,1.48,4.33,8.0,1.45,4.15,7.53,0,2,0,0,1.48,4.0,8.0,1.46,4.33,7.25,1.47,4.36,7.83,2.0,1.8,2.13,1.77,2.01,1.76,2025-26,Serie A
06/12/2025,Sassuolo,Fiorentina,3,1,H,2,1,H,13,9,5,1,7,1,15,15,14:00,0.0,2.05,1.8,2.15,1.77,3.0,3.3,2.55,2.87,3.21,2.5,2,3,0,0,2.88,3.25,2.5,2.75,3.3,2.55,3.04,3.26,2.51,2.1,1.73,2.16,1.75,2.06,1.72,2025-26,Serie A
06/12/2025,Inter,Como,4,0,H,1,0,H,11,15,7,3,7,4,16,13,17:00,-1.0,1.88,1.98,1.91,2.0,1.55,4.33,6.5,1.52,4.21,6.04,1,2,0,0,1.53,4.33,6.0,1.55,4.33,5.75,1.53,4.43,6.34,1.8,2.0,1.79,2.1,1.76,2.0,2025-26,Serie A
06/12/2025,Verona,Atalanta,3,1,H,2,0,H,12,12,7,5,5,5,14,7,19:45,0.75,2.03,1.83,2.06,1.85,5.5,4.0,1.7,5.08,3.85,1.66,2,1,0,0,5.0,4.0,1.67,4.8,3.8,1.7,5.3,4.18,1.64,1.93,1.93,1.95,1.93,1.91,1.85,2025-26,Serie A
07/12/2025,Cremonese,Lecce,2,0,H,0,0,D,11,9,4,1,5,5,15,12,11:30,-0.25,2.05,1.8,2.1,1.82,2.5,3.1,3.25,2.43,3.01,3.15,1,2,0,0,2.4,3.1,3.2,2.4,3.0,3.2,2.49,3.05,3.3,2.5,1.53,2.59,1.54,2.47,1.51,2025-26,Serie A
07/12/2025,Cagliari,Roma,1,0,H,0,0,D,15,6,8,2,4,1,18,16,14:00,0.75,1.98,1.88,1.98,1.93,5.5,3.7,1.71,5.26,3.6,1.68,2,1,0,1,5.25,3.6,1.67,5.25,3.6,1.68,5.5,3.76,1.7,2.2,1.67,2.27,1.68,2.16,1.65,2025-26,Serie A
07/12/2025,Lazio,Bologna,1,1,D,1,1,D,16,13,9,6,7,3,13,18,17:00,0.0,1.8,2.05,1.83,2.09,2.7,3.1,3.0,2.6,3.02,2.87,4,3,1,0,2.6,3.1,2.9,2.65,3.0,2.8,2.65,3.1,3.01,2.5,1.53,2.6,1.53,2.43,1.52,2025-26,Serie A
07/12/2025,Napoli,Juventus,2,1,H,1,0,H,9,5,4,2,9,0,6,15,19:45,-0.25,2.05,1.8,2.1,1.83,2.45,3.1,3.4,2.37,2.97,3.28,2,1,0,0,2.35,3.0,3.2,2.3,3.0,3.4,2.49,2.97,3.38,2.5,1.53,2.55,1.55,2.44,1.52,2025-26,Serie A
08/12/2025,Pisa,Parma,0,1,A,0,1,A,14,9,2,2,6,0,15,7,14:00,-0.25,2.05,1.8,2.1,1.82,2.45,3.05,3.33,2.38,2.99,3.23,2,2,1,0,2.4,3.0,3.3,2.37,3.0,3.2,2.5,2.97,3.38,2.5,1.53,2.52,1.55,2.43,1.52,2025-26,Serie A
08/12/2025,Udinese,Genoa,1,2,A,0,1,A,23,12,6,6,6,2,16,12,17:00,-0.25,2.05,1.8,2.12,1.81,2.48,3.1,3.3,2.42,3.02,3.13,1,0,0,0,2.4,3.0,3.3,2.4,3.1,3.1,2.51,3.0,3.32,2.5,1.53,2.52,1.55,2.43,1.53,2025-26,Serie A
08/12/2025,Torino,Milan,2,3,A,2,1,H,8,17,4,6,2,4,16,7,19:45,0.5,2.03,1.78,2.11,1.8,4.8,3.6,1.83,4.53,3.5,1.79,2,1,0,0,4.5,3.6,1.8,4.33,3.5,1.83,4.89,3.61,1.8,2.0,1.8,2.14,1.77,2.02,1.75,2025-26,Serie A
12/12/2025,Lecce,Pisa,1,0,H,0,0,D,21,5,3,0,12,1,17,6,19:45,-0.25,2.1,1.78,2.13,1.82,2.55,2.9,3.4,2.47,2.83,3.3,2,1,0,0,2.5,2.88,3.3,2.45,2.87,3.3,2.54,2.9,3.45,2.75,1.44,2.9,1.44,2.7,1.43,2025-26,Serie A
13/12/2025,Torino,Cremonese,1,0,H,1,0,H,18,10,6,3,6,6,20,13,14:00,-0.5,2.0,1.85,2.02,1.88,2.0,3.3,4.33,1.96,3.21,4.15,1,2,0,0,1.95,3.25,4.2,1.95,3.25,4.1,2.01,3.2,4.43,2.2,1.67,2.29,1.68,2.19,1.64,2025-26,Serie A
13/12/2025,Parma,Lazio,0,1,A,0,0,D,19,15,5,5,4,4,14,8,17:00,0.25,2.05,1.8,2.11,1.82,3.8,3.33,2.14,3.62,3.25,2.09,2,1,0,2,3.6,3.3,2.1,3.6,3.3,2.1,3.83,3.34,2.11,2.3,1.62,2.36,1.64,2.24,1.61,2025-26,Serie A
13/12/2025,Atalanta,Cagliari,2,1,H,1,0,H,17,8,8,1,5,4,13,15,19:45,-1.5,2.0,1.85,2.04,1.87,1.36,5.4,10.0,1.32,5.14,9.23,1,2,0,0,1.33,5.0,9.5,1.35,5.25,8.5,1.35,5.48,8.72,1.73,2.1,1.74,2.18,1.67,2.13,2025-26,Serie A
14/12/2025,Milan,Sassuolo,2,2,D,1,1,D,13,8,5,3,7,3,12,12,11:30,-1.25,1.98,1.88,1.97,1.93,1.44,4.75,8.7,1.4,4.54,7.72,1,3,0,0,1.42,4.33,8.0,1.43,4.6,7.25,1.42,4.78,8.05,1.83,2.03,1.85,2.05,1.77,1.98,2025-26,Serie A
14/12/2025,Fiorentina,Verona,1,2,A,0,1,A,20,13,4,3,9,4,10,22,14:00,-0.5,1.8,2.05,1.81,2.09,1.86,3.6,4.75,1.82,3.42,4.51,1,5,0,0,1.8,3.4,4.75,1.85,3.4,4.33,1.81,3.62,4.83,2.2,1.67,2.25,1.69,2.17,1.65,2025-26,Serie A
14/12/2025,Udinese,Napoli,1,0,H,0,0,D,18,7,5,0,1,3,16,9,14:00,0.5,2.0,1.85,2.04,1.87,4.5,3.4,1.91,4.38,3.33,1.86,1,0,0,0,4.5,3.4,1.85,4.5,3.3,1.88,4.6,3.55,1.86,2.3,1.62,2.41,1.62,2.29,1.58,2025-26,Serie A
14/12/2025,Genoa,Inter,1,2,A,0,2,A,5,18,3,8,1,6,10,20,17:00,1.0,1.98,1.88,2.03,1.88,6.75,6.8,4.0,6.37,4.2,1.67,2,3,0,0,6.5,4.2,1.5,6.25,4.0,1.55,6.67,4.38,1.52,2.0,1.8,2.02,1.87,1.97,1.77,2025-26,Serie A
14/12/2025,Bologna,Juventus,0,1,A,0,0,D,11,13,4,3,3,4,10,11,19:45,0.0,2.05,1.8,2.07,1.84,3.05,3.25,2.6,2.87,3.16,2.51,3,1,1,0,2.88,3.25,2.5,2.85,3.25,2.5,2.95,3.2,2.62,2.2,1.67,2.28,1.68,2.2,1.63,2025-26,Serie A
15/12/2025,Roma,Como,1,0,H,0,0,D,14,13,4,1,6,3,16,8,19:45,-0.25,1.85,2.0,1.89,2.01,2.2,3.3,3.7,2.15,3.17,3.53,3,3,0,0,2.1,3.3,3.6,2.2,3.2,3.5,2.22,3.19,3.7,2.2,1.67,2.28,1.68,2.19,1.64,2025-26,Serie A
20/12/2025,Lazio,Cremonese,0,0,D,0,0,D,8,9,2,2,3,0,13,21,17:00,-0.75,1.83,2.03,1.86,2.05,1.65,3.9,6.0,1.61,3.76,5.69,4,3,0,1,1.62,3.8,5.75,1.63,3.9,5.5,1.66,3.74,6.0,2.1,1.73,2.09,1.79,2.0,1.76,2025-26,Serie A
20/12/2025,Juventus,Roma,2,1,H,1,0,H,13,14,9,5,2,4,14,13,19:45,-0.5,1.98,1.88,2.0,1.9,2.05,3.3,4.33,1.97,3.22,4.12,2,3,0,0,1.95,3.2,4.33,2.05,3.2,4.0,1.99,3.31,4.34,2.3,1.62,2.39,1.63,2.27,1.59,2025-26,Serie A
21/12/2025,Cagliari,Pisa,2,2,D,0,1,A,14,15,5,3,2,6,15,20,11:30,-0.25,1.85,2.0,1.88,2.04,2.2,3.25,3.75,2.17,3.14,3.53,3,2,0,0,2.15,3.1,3.75,2.15,3.25,3.5,2.2,3.19,3.77,2.38,1.57,2.5,1.57,2.35,1.56,2025-26,Serie A
21/12/2025,Sassuolo,Torino,0,1,A,0,0,D,7,10,1,5,2,3,15,17,14:00,-0.25,2.0,1.85,2.07,1.85,2.4,3.2,3.35,2.34,3.1,3.19,3,1,0,0,2.3,3.2,3.3,2.35,3.2,3.1,2.44,3.05,3.38,2.2,1.67,2.29,1.68,2.18,1.64,2025-26,Serie A
21/12/2025,Fiorentina,Udinese,5,1,H,3,0,H,20,11,7,4,1,4,10,8,17:00,-0.25,1.9,1.95,1.95,1.95,2.2,3.3,3.55,2.16,3.26,3.4,3,1,0,1,2.2,3.3,3.4,2.2,3.3,3.3,2.27,3.31,3.42,2.1,1.73,2.17,1.75,2.1,1.69,2025-26,Serie A
21/12/2025,Genoa,Atalanta,0,1,A,0,0,D,6,16,3,4,6,10,11,19,19:45,0.5,1.9,1.95,1.92,1.99,4.2,3.45,2.0,3.99,3.35,1.94,1,2,1,0,4.0,3.4,1.95,3.9,3.4,1.95,4.12,3.48,1.98,2.1,1.73,2.12,1.78,2.07,1.71,2025-26,Serie A
27/12/2025,Parma,Fiorentina,1,0,H,0,0,D,13,23,2,4,5,6,10,15,11:30,0.25,1.9,1.95,1.93,1.98,3.5,3.2,2.3,3.33,3.1,2.27,2,2,0,0,3.5,3.0,2.25,3.25,3.2,2.3,3.54,3.09,2.34,2.2,1.67,2.3,1.67,2.2,1.64,2025-26,Serie A
27/12/2025,Lecce,Como,0,3,A,0,1,A,11,12,5,6,4,6,10,23,14:00,0.5,2.03,1.83,2.07,1.85,4.75,3.4,1.87,4.58,3.35,1.82,2,4,0,0,4.75,3.3,1.8,4.4,3.4,1.87,4.88,3.49,1.84,2.3,1.62,2.37,1.63,2.25,1.6,2025-26,Serie A
27/12/2025,Torino,Cagliari,1,2,A,1,1,D,19,9,10,4,6,2,14,13,14:00,-0.5,1.98,1.88,2.0,1.91,2.0,3.4,4.25,1.94,3.28,4.09,3,0,0,0,1.91,3.2,4.2,1.98,3.25,4.0,1.99,3.36,4.26,2.2,1.67,2.27,1.68,2.14,1.66,2025-26,Serie A
27/12/2025,Udinese,Lazio,1,1,D,0,0,D,15,14,4,2,5,6,19,14,17:00,0.25,1.78,2.1,1.77,2.17,3.15,3.2,2.5,3.06,3.05,2.43,3,4,0,0,3.1,3.0,2.45,3.0,3.1,2.45,3.14,3.08,2.56,2.3,1.62,2.37,1.63,2.24,1.61,2025-26,Serie A
27/12/2025,Pisa,Juventus,0,2,A,0,0,D,8,15,0,7,2,8,10,12,19:45,1.0,2.05,1.8,2.11,1.81,7.5,4.5,1.5,6.91,4.19,1.46,4,1,0,0,7.5,4.5,1.4,6.75,4.2,1.49,7.05,4.61,1.47,1.91,1.91,2.0,1.89,1.92,1.83,2025-26,Serie A
28/12/2025,Milan,Verona,3,0,H,1,0,H,11,9,5,1,7,3,5,15,11:30,-1.25,1.88,1.98,1.92,1.99,1.4,5.0,9.0,1.37,4.7,8.4,0,1,0,0,1.38,4.75,8.5,1.39,5.0,7.5,1.38,4.98,8.81,1.8,2.0,1.86,2.03,1.81,1.94,2025-26,Serie A
28/12/2025,Cremonese,Napoli,0,2,A,0,2,A,6,22,2,8,1,10,13,8,14:00,1.0,1.88,1.98,1.9,2.0,6.5,4.0,1.58,6.21,3.84,1.55,2,2,0,0,6.25,3.9,1.55,6.0,3.9,1.58,6.28,4.16,1.57,2.1,1.73,2.09,1.79,2.04,1.73,2025-26,Serie A
28/12/2025,Bologna,Sassuolo,1,1,D,0,0,D,16,8,6,5,2,3,18,19,17:00,-0.75,2.0,1.85,2.0,1.9,1.8,3.7,5.1,1.74,3.58,4.73,2,3,0,0,1.75,3.6,4.75,1.78,3.6,4.6,1.74,3.75,5.1,2.0,1.8,2.03,1.87,1.98,1.77,2025-26,Serie A
28/12/2025,Atalanta,Inter,0,1,A,0,0,D,7,15,0,4,4,7,8,12,19:45,0.5,1.8,2.05,1.84,2.07,3.5,3.66,2.1,3.39,3.52,2.05,2,1,0,0,3.5,3.5,2.0,3.3,3.5,2.1,3.64,3.64,2.07,1.73,2.1,1.78,2.13,1.74,2.02,2025-26,Serie A
29/12/2025,Roma,Genoa,3,1,H,3,0,H,16,10,8,2,6,1,13,13,19:45,-0.75,1.8,2.05,1.85,2.07,1.65,3.66,6.75,1.6,3.58,6.05,0,1,0,0,1.6,3.6,6.25,1.65,3.6,5.75,1.64,3.73,6.32,2.38,1.57,2.42,1.6,2.32,1.56,2025-26,Serie A
02/01/2026,Cagliari,Milan,0,1,A,0,0,D,6,11,1,4,6,7,10,8,19:45,1.0,1.8,2.05,1.85,2.09,6.75,4.0,1.6,6.21,3.9,1.55,2,1,0,0,6.0,3.9,1.6,5.75,4.0,1.57,6.25,4.01,1.61,2.1,1.73,2.13,1.78,2.03,1.74,2025-26,Serie A
03/01/2026,Como,Udinese,1,0,H,1,0,H,15,4,3,1,3,2,12,15,11:30,-0.75,1.95,1.9,1.98,1.93,1.75,3.8,5.4,1.71,3.65,4.94,1,3,0,0,1.73,3.8,4.75,1.71,3.75,4.8,1.75,3.62,5.26,2.0,1.8,2.07,1.83,1.98,1.78,2025-26,Serie A
03/01/2026,Genoa,Pisa,1,1,D,1,1,D,12,10,4,2,2,7,9,17,14:00,-0.5,1.88,1.98,1.92,1.99,1.91,3.25,5.0,1.87,3.15,4.74,1,3,0,0,1.9,3.1,4.75,1.88,3.1,4.8,1.91,3.2,5.05,2.63,1.5,2.61,1.53,2.5,1.49,2025-26,Serie A
03/01/2026,Sassuolo,Parma,1,1,D,1,1,D,11,16,3,5,4,7,12,7,14:00,-0.5,1.93,1.93,1.95,1.95,1.95,3.45,4.5,1.9,3.33,4.2,2,1,0,0,1.91,3.3,4.33,1.93,3.4,4.1,1.94,3.27,4.67,2.1,1.73,2.18,1.74,2.05,1.72,2025-26,Serie A
03/01/2026,Juventus,Lecce,1,1,D,0,1,A,25,6,5,1,10,1,6,7,17:00,-1.5,1.83,2.03,1.85,2.07,1.29,5.8,13.0,1.26,5.52,11.91,0,3,0,0,1.27,5.5,13.0,1.27,5.75,11.5,1.28,5.77,12.37,1.8,2.0,1.83,2.05,1.78,1.96,2025-26,Serie A
03/01/2026,Atalanta,Roma,1,0,H,1,0,H,13,10,2,4,7,5,16,15,19:45,-0.25,1.95,1.9,1.98,1.93,2.3,3.3,3.4,2.23,3.22,3.28,1,2,0,0,2.3,3.2,3.3,2.2,3.3,3.3,2.32,3.17,3.48,2.1,1.73,2.12,1.78,2.04,1.72,2025-26,Serie A
04/01/2026,Lazio,Napoli,0,2,A,0,2,A,5,14,0,3,2,6,10,13,11:30,0.25,1.88,1.98,1.89,2.01,3.5,3.1,2.38,3.34,3.01,2.31,5,1,2,1,3.4,3.1,2.3,3.3,3.0,2.35,3.5,3.05,2.38,2.63,1.5,2.66,1.52,2.52,1.49,2025-26,Serie A
04/01/2026,Fiorentina,Cremonese,1,0,H,0,0,D,22,6,8,2,7,3,10,19,14:00,-0.5,1.75,2.05,1.79,2.12,1.84,3.66,5.0,1.75,3.55,4.65,1,2,0,0,1.8,3.4,5.0,1.77,3.6,4.6,1.79,3.73,4.76,2.0,1.8,2.05,1.85,1.99,1.76,2025-26,Serie A
04/01/2026,Verona,Torino,0,3,A,0,1,A,7,21,3,5,4,7,13,7,17:00,0.0,1.83,2.03,1.85,2.06,2.7,3.1,2.95,2.6,3.0,2.86,0,2,0,0,2.7,3.0,2.9,2.6,3.0,2.9,2.71,3.02,3.0,2.5,1.53,2.5,1.57,2.41,1.52,2025-26,Serie A
04/01/2026,Inter,Bologna,3,1,H,1,0,H,19,6,10,2,7,1,20,21,19:45,-1.25,1.95,1.9,1.93,1.98,1.42,5.33,8.0,1.38,4.75,7.63,3,3,0,0,1.42,4.75,7.5,1.42,4.8,7.0,1.39,5.18,8.05,1.73,2.1,1.72,2.19,1.69,2.09,2025-26,Serie A
06/01/2026,Pisa,Como,0,3,A,0,0,D,10,15,4,7,1,5,9,13,14:00,0.75,1.9,1.95,1.93,2.0,5.5,3.6,1.8,5.15,3.43,1.74,2,2,0,0,5.5,3.4,1.7,5.0,3.4,1.78,5.45,3.5,1.78,2.2,1.67,2.25,1.7,2.18,1.64,2025-26,Serie A
06/01/2026,Lecce,Roma,0,2,A,0,1,A,6,10,1,3,2,2,10,20,17:00,0.75,1.88,1.98,1.92,2.01,5.5,3.5,1.8,5.22,3.4,1.74,3,1,0,0,5.25,3.5,1.73,5.0,3.3,1.78,5.49,3.51,1.77,2.2,1.67,2.36,1.65,2.26,1.6,2025-26,Serie A
06/01/2026,Sassuolo,Juventus,0,3,A,0,1,A,7,17,2,10,5,5,3,12,19:45,0.75,1.98,1.88,2.01,1.92,5.3,3.9,1.73,5.04,3.74,1.68,0,0,0,0,5.0,3.9,1.67,5.0,3.7,1.71,5.3,3.74,1.73,1.98,1.88,2.01,1.9,1.92,1.84,2025-26,Serie A
07/01/2026,Bologna,Atalanta,0,2,A,0,1,A,11,11,2,5,6,6,16,15,17:30,0.0,1.98,1.88,2.01,1.89,2.75,3.4,2.66,2.71,3.3,2.57,0,0,0,0,2.75,3.3,2.6,2.7,3.4,2.55,2.84,3.25,2.68,2.0,1.85,2.03,1.86,1.92,1.83,2025-26,Serie A
07/01/2026,Napoli,Verona,2,2,D,0,2,A,15,11,4,4,6,1,7,15,17:30,-1.25,1.85,2.0,1.88,2.03,1.38,5.5,11.0,1.34,4.72,9.56,0,3,0,0,1.36,5.5,7.5,1.36,4.8,8.75,1.36,5.19,8.85,2.0,1.8,2.08,1.83,2.01,1.75,2025-26,Serie A
07/01/2026,Lazio,Fiorentina,2,2,D,0,0,D,17,8,9,5,8,2,11,15,19:45,-0.25,2.05,1.8,2.12,1.81,2.45,3.2,3.25,2.39,3.1,3.12,3,5,0,0,2.4,3.1,3.2,2.37,3.1,3.1,2.51,3.0,3.32,2.3,1.62,2.39,1.63,2.23,1.62,2025-26,Serie A
07/01/2026,Parma,Inter,0,2,A,0,1,A,4,26,0,8,1,3,4,20,19:45,1.5,1.75,2.05,1.81,2.09,8.9,5.33,1.4,7.96,4.96,1.36,0,3,0,0,7.5,5.0,1.4,7.5,4.8,1.4,8.16,5.1,1.39,1.67,2.2,1.66,2.3,1.61,2.24,2025-26,Serie A
07/01/2026,Torino,Udinese,1,2,A,0,0,D,10,9,4,4,3,6,16,8,19:45,-0.25,1.98,1.88,2.01,1.89,2.38,3.2,3.6,2.3,3.04,3.36,2,1,0,0,2.3,3.0,3.4,2.3,3.1,3.3,2.39,2.95,3.61,2.3,1.62,2.42,1.61,2.28,1.59,2025-26,Serie A
08/01/2026,Cremonese,Cagliari,2,2,D,2,0,H,12,21,5,5,2,4,16,12,17:30,-0.25,2.05,1.8,2.1,1.82,2.4,3.25,3.25,2.35,3.12,3.12,2,2,0,0,2.4,3.1,3.2,2.35,3.2,3.1,2.48,3.1,3.26,2.3,1.62,2.38,1.63,2.24,1.61,2025-26,Serie A
08/01/2026,Milan,Genoa,1,1,D,0,1,A,32,7,8,2,12,1,12,8,19:45,-1.25,2.03,1.83,2.08,1.84,1.44,4.5,8.5,1.41,4.34,8.0,4,1,0,0,1.44,4.5,7.5,1.43,4.5,7.25,1.44,4.47,8.31,2.0,1.8,2.09,1.79,1.98,1.77,2025-26,Serie A
10/01/2026,Como,Bologna,1,1,D,0,0,D,12,7,3,2,4,2,14,3,14:00,-0.5,1.98,1.88,2.01,1.89,1.95,3.4,4.2,1.93,3.34,4.02,3,3,0,1,1.95,3.3,4.2,1.95,3.3,4.0,2.0,3.34,4.24,2.1,1.73,2.11,1.79,2.07,1.71,2025-26,Serie A
10/01/2026,Udinese,Pisa,2,2,D,2,1,H,11,14,2,7,3,8,13,16,14:00,-0.5,1.83,2.03,1.87,2.05,1.91,3.4,4.75,1.86,3.32,4.49,1,4,0,0,1.83,3.4,4.6,1.9,3.3,4.33,1.85,3.41,4.91,2.3,1.62,2.33,1.66,2.27,1.59,2025-26,Serie A
10/01/2026,Roma,Sassuolo,2,0,H,0,0,D,26,5,6,3,5,2,15,16,17:00,-1.0,1.93,1.93,1.96,1.94,1.57,4.2,6.5,1.54,3.97,6.3,2,2,0,0,1.53,4.0,6.5,1.57,4.0,6.0,1.54,4.2,6.6,2.03,1.83,2.06,1.83,1.97,1.78,2025-26,Serie A
10/01/2026,Atalanta,Torino,2,0,H,1,0,H,18,10,5,3,5,4,14,17,19:45,-1.0,2.03,1.83,2.03,1.88,1.63,4.0,6.0,1.6,3.9,5.54,1,2,0,0,1.6,3.9,6.0,1.62,3.8,5.75,1.61,4.13,5.7,1.8,2.0,1.85,2.04,1.81,1.94,2025-26,Serie A
11/01/2026,Lecce,Parma,1,2,A,1,0,H,10,12,1,2,3,3,16,17,11:30,0.0,1.88,1.98,1.9,2.0,2.75,3.1,3.1,2.66,2.95,2.88,3,1,2,0,2.75,3.0,2.88,2.65,3.0,2.85,2.8,2.98,2.94,2.63,1.5,2.68,1.49,2.58,1.47,2025-26,Serie A
11/01/2026,Fiorentina,Milan,1,1,D,0,0,D,20,13,7,3,8,5,10,14,14:00,0.5,1.83,2.03,1.87,2.04,3.8,3.5,2.07,3.67,3.4,2.01,2,3,0,0,3.8,3.4,2.0,3.6,3.5,2.0,3.89,3.5,2.03,2.03,1.83,2.05,1.85,1.96,1.79,2025-26,Serie A
11/01/2026,Verona,Lazio,0,1,A,0,0,D,10,11,2,2,2,1,12,7,17:00,0.25,1.88,1.98,1.88,2.03,3.45,3.1,2.4,3.35,2.99,2.31,2,1,0,0,3.4,3.0,2.35,3.3,3.1,2.3,3.45,3.07,2.4,2.5,1.53,2.58,1.53,2.48,1.51,2025-26,Serie A
11/01/2026,Inter,Napoli,2,2,D,1,1,D,13,7,4,3,4,1,12,11,19:45,-0.75,1.95,1.9,1.99,1.92,1.77,3.6,5.25,1.73,3.54,4.91,0,1,0,0,1.7,3.5,5.25,1.75,3.6,4.8,1.75,3.64,5.22,2.1,1.73,2.1,1.79,2.04,1.73,2025-26,Serie A
12/01/2026,Genoa,Cagliari,3,0,H,1,0,H,11,15,7,3,2,3,17,20,17:30,-0.5,2.08,1.73,2.13,1.81,2.15,3.1,4.25,2.09,2.98,3.96,2,5,0,0,2.1,3.0,4.2,2.15,3.0,3.8,2.12,2.97,4.44,2.63,1.5,2.6,1.52,2.57,1.47,2025-26,Serie A
12/01/2026,Juventus,Cremonese,5,0,H,3,0,H,18,9,11,2,4,5,16,8,19:45,-1.75,1.95,1.9,1.95,1.93,1.26,6.0,13.0,1.24,5.77,11.91,0,1,0,0,1.25,6.0,13.0,1.26,6.0,11.0,1.25,6.33,11.48,1.67,2.2,1.65,2.29,1.65,2.17,2025-26,Serie A
14/01/2026,Napoli,Parma,0,0,D,0,0,D,16,4,4,1,7,1,11,12,17:30,-1.5,2.0,1.85,2.05,1.86,1.35,5.25,12.5,1.31,4.98,10.2,1,3,0,0,1.3,5.25,10.5,1.34,5.25,8.75,1.33,5.33,10.3,1.88,1.98,1.93,1.96,1.87,1.87,2025-26,Serie A
14/01/2026,Inter,Lecce,1,0,H,0,0,D,21,10,7,1,11,3,11,14,19:45,-2.25,1.95,1.9,2.02,1.88,1.15,9.0,25.0,1.13,8.06,20.69,2,1,0,0,1.13,9.0,19.0,1.15,8.25,19.0,1.14,9.03,20.01,1.5,2.63,1.5,2.67,1.49,2.52,2025-26,Serie A
15/01/2026,Verona,Bologna,2,3,A,1,3,A,15,14,5,5,4,5,13,14,17:30,0.25,2.03,1.83,2.05,1.86,3.7,3.3,2.12,3.58,3.23,2.1,1,2,0,0,3.6,3.3,2.1,3.6,3.3,2.1,3.68,3.32,2.17,2.3,1.62,2.3,1.67,2.24,1.61,2025-26,Serie A
15/01/2026,Como,Milan,1,3,A,1,1,D,18,7,8,4,8,4,7,5,19:45,0.0,2.1,1.78,2.12,1.81,2.9,3.33,2.54,2.86,3.22,2.47,1,0,0,0,2.9,3.25,2.5,2.85,3.25,2.5,2.99,3.27,2.55,2.0,1.8,2.1,1.79,2.03,1.74,2025-26,Serie A
16/01/2026,Pisa,Atalanta,1,1,D,0,0,D,14,9,6,4,10,1,12,11,19:45,1.0,1.93,1.93,,,6.5,4.1,1.6,6.08,3.98,1.55,1,2,0,0,6.5,3.9,1.55,5.75,3.9,1.6,,,,1.85,2.0,,,1.86,1.89,2025-26,Serie A
17/01/2026,Udinese,Inter,0,1,A,0,1,A,5,14,1,5,2,5,17,11,14:00,1.25,1.88,1.98,,,8.0,4.8,1.45,7.18,4.61,1.41,0,1,0,0,7.0,4.75,1.42,6.75,4.75,1.44,,,,1.73,2.1,,,1.71,2.06,2025-26,Serie A
17/01/2026,Napoli,Sassuolo,1,0,H,1,0,H,11,21,4,4,5,4,10,11,17:00,-1.25,2.05,1.75,,,1.48,4.6,8.0,1.44,4.26,7.48,0,3,0,0,1.48,4.33,7.5,1.46,4.2,7.5,,,,2.03,1.83,,,1.97,1.78,2025-26,Serie A
17/01/2026,Cagliari,Juventus,1,0,H,0,0,D,3,21,1,5,1,18,16,12,19:45,1.0,1.95,1.9,,,7.0,4.2,1.53,6.65,4.03,1.5,0,1,0,0,6.25,4.2,1.5,6.5,4.1,1.51,,,,2.0,1.8,,,2.02,1.74,2025-26,Serie A
18/01/2026,Parma,Genoa,0,0,D,0,0,D,14,11,2,3,7,3,13,18,11:30,0.0,1.9,1.95,,,2.9,2.87,3.0,2.83,2.74,2.87,3,2,0,0,2.9,2.55,3.0,2.8,2.87,2.8,,,,2.63,1.5,,,2.52,1.49,2025-26,Serie A
18/01/2026,Bologna,Fiorentina,1,2,A,0,2,A,18,11,3,4,7,1,14,13,14:00,-0.25,1.88,1.98,,,2.2,3.4,3.6,2.14,3.3,3.41,3,0,0,0,2.2,3.3,3.4,2.15,3.3,3.4,,,,2.0,1.85,,,1.97,1.79,2025-26,Serie A
18/01/2026,Torino,Roma,0,2,A,0,1,A,8,14,4,5,2,1,13,9,17:00,0.25,2.03,1.83,,,3.75,3.3,2.2,3.53,3.18,2.13,2,1,0,0,3.75,3.1,2.15,3.4,3.2,2.2,,,,2.2,1.67,,,2.2,1.63,2025-26,Serie A
18/01/2026,Milan,Lecce,1,0,H,0,0,D,20,4,6,0,10,2,9,11,19:45,-1.5,1.93,1.93,,,1.3,5.5,13.0,1.27,5.21,11.59,1,1,0,0,1.29,5.0,13.0,1.3,5.5,10.5,,,,1.91,1.91,,,1.85,1.9,2025-26,Serie A
19/01/2026,Cremonese,Verona,0,0,D,0,0,D,7,11,1,4,3,6,13,13,17:30,-0.25,2.15,1.68,,,2.63,3.1,3.1,2.49,2.99,3.03,3,0,0,0,2.63,2.9,3.1,2.5,3.1,3.0,,,,2.38,1.57,,,2.35,1.55,2025-26,Serie A
19/01/2026,Lazio,Como,0,3,A,0,2,A,8,11,4,6,3,2,14,9,19:45,0.0,1.83,2.03,,,2.75,3.1,3.0,2.65,2.94,2.87,4,3,0,0,2.7,2.9,3.0,2.65,3.0,2.85,,,,2.38,1.57,,,2.34,1.56,2025-26,Serie A
23/01/2026,Inter,Pisa,6,2,H,3,2,H,34,8,14,3,7,5,8,11,19:45,-2.0,1.93,1.93,,,1.2,7.5,20.0,1.17,7.18,15.69,2,3,0,0,1.18,7.5,15.0,1.2,7.25,13.5,,,,1.5,2.63,,,1.49,2.51,2025-26,Serie A
24/01/2026,Como,Torino,6,0,H,2,0,H,17,7,7,1,2,1,9,15,14:00,-0.75,1.83,2.03,,,1.66,3.8,6.0,1.63,3.72,5.51,0,1,0,0,1.62,3.75,6.0,1.65,3.8,5.25,,,,2.1,1.73,,,2.02,1.74,2025-26,Serie A
24/01/2026,Fiorentina,Cagliari,1,2,A,0,1,A,15,10,3,6,8,3,11,17,17:00,-0.75,1.8,2.05,,,1.66,4.0,5.75,1.62,3.81,5.44,2,3,0,0,1.62,3.8,5.75,1.63,3.8,5.5,,,,2.0,1.8,,,1.96,1.79,2025-26,Serie A
24/01/2026,Lecce,Lazio,0,0,D,0,0,D,15,6,2,1,4,1,16,6,19:45,0.25,2.05,1.8,,,4.0,3.1,2.16,3.91,3.02,2.11,2,1,0,0,4.0,3.0,2.1,3.9,3.1,2.1,,,,2.63,1.5,,,2.61,1.47,2025-26,Serie A
25/01/2026,Sassuolo,Cremonese,1,0,H,1,0,H,13,10,7,4,3,5,13,14,11:30,-0.5,1.93,1.93,,,1.95,3.4,4.25,1.91,3.31,4.13,1,2,0,0,1.91,3.4,4.2,1.93,3.3,4.1,,,,2.2,1.67,,,2.11,1.69,2025-26,Serie A
25/01/2026,Atalanta,Parma,4,0,H,2,0,H,21,15,9,2,6,9,14,8,14:00,-1.25,1.95,1.9,,,1.43,4.75,8.5,1.4,4.54,7.65,1,0,0,0,1.42,4.5,7.5,1.43,4.6,7.0,,,,1.73,2.1,,,1.71,2.08,2025-26,Serie A
25/01/2026,Genoa,Bologna,3,2,H,0,1,A,8,13,6,3,5,2,14,17,14:00,0.0,2.1,1.78,,,3.1,3.1,2.65,2.93,3.0,2.56,2,2,0,1,3.0,3.0,2.6,2.9,3.1,2.5,,,,2.38,1.57,,,2.38,1.55,2025-26,Serie A
25/01/2026,Juventus,Napoli,3,0,H,1,0,H,12,9,6,1,2,2,21,11,17:00,-0.5,2.05,1.8,,,2.1,3.2,4.1,2.06,3.08,3.9,1,2,0,0,2.05,3.2,4.0,2.1,3.1,3.7,,,,2.63,1.5,,,2.53,1.49,2025-26,Serie A
25/01/2026,Roma,Milan,1,1,D,0,0,D,15,5,7,2,5,3,15,11,19:45,0.0,1.85,2.0,,,2.7,3.1,3.0,2.62,3.0,2.87,0,4,0,0,2.63,3.1,2.88,2.65,3.1,2.8,,,,2.2,1.67,,,2.17,1.65,2025-26,Serie A
26/01/2026,Verona,Udinese,1,3,A,1,1,D,7,20,4,7,3,8,8,11,19:45,0.0,1.93,1.93,,,2.8,3.2,2.82,2.72,2.99,2.75,2,0,0,0,2.8,3.0,2.8,2.65,3.2,2.7,,,,2.63,1.5,,,2.49,1.51,2025-26,Serie A
30/01/2026,Lazio,Genoa,3,2,H,0,0,D,14,16,4,4,5,3,12,12,19:45,-0.25,1.85,2.0,,,2.2,3.0,4.25,2.14,2.93,3.94,2,3,0,0,2.2,2.88,4.0,2.15,2.95,4.0,,,,3.0,1.4,,,2.77,1.42,2025-26,Serie A
31/01/2026,Pisa,Sassuolo,1,3,A,0,2,A,15,21,6,5,2,5,13,8,14:00,0.0,2.05,1.8,,,3.0,3.2,2.7,2.85,3.06,2.59,3,3,0,0,2.9,3.1,2.55,2.8,3.1,2.6,,,,2.2,1.67,,,2.2,1.64,2025-26,Serie A
31/01/2026,Napoli,Fiorentina,2,1,H,1,0,H,19,15,6,5,4,4,21,13,17:00,-0.75,2.05,1.8,,,1.83,3.7,5.33,1.78,3.46,4.78,1,1,0,0,1.8,3.4,5.0,1.77,3.7,4.5,,,,2.0,1.8,,,2.0,1.77,2025-26,Serie A
31/01/2026,Cagliari,Verona,4,0,H,2,0,H,13,9,7,3,6,3,9,14,19:45,-0.25,1.85,2.0,,,2.2,3.13,4.0,2.18,2.99,3.71,0,2,0,1,2.2,3.0,3.8,2.2,3.0,3.6,,,,2.5,1.53,,,2.49,1.51,2025-26,Serie A
01/02/2026,Torino,Lecce,1,0,H,1,0,H,17,14,5,2,3,8,14,12,11:30,-0.5,1.98,1.88,,,2.0,3.13,4.75,1.95,3.05,4.43,2,2,0,0,1.95,3.1,4.5,1.95,3.1,4.5,,,,2.63,1.5,,,2.52,1.5,2025-26,Serie A
01/02/2026,Como,Atalanta,0,0,D,0,0,D,28,6,9,2,7,1,9,11,14:00,-0.25,2.03,1.83,,,2.38,3.4,3.2,2.32,3.27,3.06,4,3,0,1,2.35,3.25,3.2,2.25,3.4,3.1,,,,1.91,1.91,,,1.91,1.85,2025-26,Serie A
01/02/2026,Cremonese,Inter,0,2,A,0,2,A,9,15,3,4,1,6,19,14,17:00,1.5,1.98,1.88,,,11.0,5.8,1.31,10.14,5.38,1.28,3,0,0,0,11.0,5.0,1.3,9.5,5.5,1.31,,,,1.67,2.2,,,1.63,2.2,2025-26,Serie A
01/02/2026,Parma,Juventus,1,4,A,0,2,A,10,15,4,8,5,3,10,13,19:45,1.0,2.08,1.73,,,7.5,4.5,1.5,7.14,4.3,1.44,1,3,0,0,7.5,4.33,1.45,6.5,4.2,1.5,,,,1.91,1.91,,,1.91,1.84,2025-26,Serie A
02/02/2026,Udinese,Roma,1,0,H,0,0,D,8,10,4,3,4,7,18,17,19:45,0.5,1.95,1.9,,,4.35,3.4,2.0,4.11,3.32,1.91,5,4,0,0,4.33,3.4,1.91,3.9,3.25,2.0,,,,2.2,1.67,,,2.17,1.65,2025-26,Serie A
03/02/2026,Bologna,Milan,0,3,A,0,2,A,13,10,2,3,5,0,14,10,19:45,0.0,2.05,1.8,,,3.0,3.25,2.6,2.94,3.12,2.5,3,0,0,0,2.9,3.25,2.5,2.9,3.2,2.5,,,,2.1,1.73,,,2.1,1.69,2025-26,Serie A
06/02/2026,Verona,Pisa,0,0,D,0,0,D,4,11,0,3,8,4,13,16,19:45,-0.25,2.15,1.68,,,2.6,3.1,3.25,2.49,2.97,3.1,1,2,0,0,2.55,3.0,3.0,2.45,3.0,3.1,,,,2.38,1.57,,,2.37,1.55,2025-26,Serie A
07/02/2026,Genoa,Napoli,2,3,A,1,2,A,12,14,3,5,4,3,16,12,17:00,0.5,1.9,1.95,,,4.6,3.3,1.95,4.42,3.21,1.91,2,4,0,1,4.5,3.2,1.95,4.33,3.3,1.9,,,,2.63,1.5,,,2.52,1.5,2025-26,Serie A
07/02/2026,Fiorentina,Torino,2,2,D,0,1,A,21,12,5,4,9,4,6,23,19:45,-0.75,1.98,1.88,,,1.8,3.75,4.9,1.75,3.63,4.7,2,5,0,0,1.75,3.75,4.75,1.77,3.6,4.6,,,,1.93,1.93,,,1.9,1.86,2025-26,Serie A
08/02/2026,Bologna,Parma,0,1,A,0,0,D,16,5,2,1,4,5,10,14,11:30,-1.0,2.1,1.78,,,1.62,4.1,6.0,1.59,3.91,5.63,1,3,1,1,1.6,3.9,5.75,1.6,4.0,5.75,,,,2.03,1.83,,,1.95,1.8,2025-26,Serie A
08/02/2026,Lecce,Udinese,2,1,H,1,1,D,16,6,5,1,7,0,9,21,14:00,0.0,2.1,1.78,,,3.1,3.0,2.75,3.04,2.86,2.59,1,2,0,0,3.1,2.88,2.63,3.1,2.87,2.55,,,,2.75,1.44,,,2.75,1.42,2025-26,Serie A
08/02/2026,Sassuolo,Inter,0,5,A,0,2,A,7,23,2,11,5,6,6,10,17:00,1.25,1.83,2.03,,,7.5,4.6,1.48,6.87,4.42,1.44,2,1,1,0,7.5,4.5,1.44,6.5,4.5,1.47,,,,1.8,2.0,,,1.76,2.01,2025-26,Serie A
08/02/2026,Juventus,Lazio,2,2,D,0,1,A,34,9,8,2,8,1,10,4,19:45,-1.0,1.8,2.05,,,1.48,4.33,8.0,1.45,4.09,7.57,0,2,0,0,1.48,4.2,7.5,1.47,4.1,7.25,,,,2.1,1.73,,,2.1,1.7,2025-26,Serie A
09/02/2026,Atalanta,Cremonese,2,1,H,2,0,H,29,12,9,2,13,2,11,11,17:30,-1.25,1.83,2.03,,,1.39,5.1,9.0,1.34,4.88,8.42,2,0,0,0,1.36,5.0,8.5,1.39,5.0,7.5,,,,1.73,2.1,,,1.68,2.13,2025-26,Serie A
09/02/2026,Roma,Cagliari,2,0,H,1,0,H,15,3,5,1,7,1,18,14,19:45,-1.0,1.83,2.03,,,1.5,4.35,8.5,1.45,4.08,7.68,2,4,0,0,1.48,4.1,7.5,1.49,4.1,7.0,,,,2.1,1.73,,,2.01,1.75,2025-26,Serie A
13/02/2026,Pisa,Milan,1,2,A,0,1,A,7,7,2,2,3,1,14,9,19:45,1.0,2.0,1.85,,,7.5,4.33,1.52,6.42,4.21,1.49,1,3,0,1,6.5,4.2,1.5,6.5,4.2,1.5,,,,1.93,1.93,,,1.87,1.89,2025-26,Serie A
14/02/2026,Como,Fiorentina,1,2,A,0,1,A,16,7,3,3,4,2,14,12,14:00,-0.75,1.93,1.93,,,1.76,4.0,4.75,1.72,3.77,4.55,4,2,1,0,1.73,3.75,4.75,1.73,3.8,4.6,,,,1.8,2.0,,,1.79,1.96,2025-26,Serie A
14/02/2026,Lazio,Atalanta,0,2,A,0,1,A,18,12,5,5,5,4,10,16,17:00,0.25,2.0,1.85,,,3.66,3.33,2.2,3.46,3.26,2.13,1,4,0,0,3.5,3.25,2.15,3.4,3.25,2.2,,,,2.1,1.73,,,2.05,1.72,2025-26,Serie A
14/02/2026,Inter,Juventus,3,2,H,1,1,D,21,11,9,8,4,1,15,7,19:45,-0.5,1.93,1.93,,,2.0,3.5,4.1,1.94,3.41,3.92,4,2,0,1,1.95,3.4,4.1,2.0,3.4,3.75,,,,1.98,1.88,,,1.93,1.83,2025-26,Serie A
15/02/2026,Udinese,Sassuolo,1,2,A,1,0,H,8,10,2,3,7,6,14,14,11:30,-0.25,2.03,1.83,,,2.45,3.13,3.5,2.37,2.98,3.26,3,3,0,0,2.4,3.0,3.3,2.35,3.1,3.2,,,,2.2,1.67,,,2.22,1.62,2025-26,Serie A
15/02/2026,Cremonese,Genoa,0,0,D,0,0,D,19,19,8,6,6,11,10,12,14:00,0.25,1.78,2.1,,,3.2,3.1,2.54,3.11,2.96,2.46,2,0,0,0,3.2,3.0,2.45,3.1,3.1,2.4,,,,2.63,1.5,,,2.52,1.5,2025-26,Serie A
15/02/2026,Parma,Verona,2,1,H,1,1,D,27,4,8,1,12,1,7,14,14:00,-0.25,1.98,1.88,,,2.4,3.0,3.5,2.33,2.94,3.38,2,1,0,1,2.3,3.0,3.5,2.37,3.0,3.25,,,,2.5,1.53,,,2.47,1.52,2025-26,Serie A
15/02/2026,Torino,Bologna,1,2,A,0,0,D,7,14,2,6,4,2,14,10,17:00,0.25,1.85,2.0,,,3.3,3.3,2.38,3.18,3.23,2.27,3,1,0,0,3.3,3.25,2.25,3.2,3.3,2.25,,,,2.1,1.73,,,2.02,1.74,2025-26,Serie A
15/02/2026,Napoli,Roma,2,2,D,1,1,D,11,9,7,2,2,1,14,14,19:45,-0.25,1.98,1.88,,,2.32,3.2,3.6,2.27,3.0,3.43,1,1,0,0,2.3,3.0,3.5,2.25,3.2,3.3,,,,2.5,1.53,,,2.45,1.51,2025-26,Serie A
16/02/2026,Cagliari,Lecce,0,2,A,0,0,D,11,13,0,4,8,2,16,14,19:45,-0.25,1.83,2.03,,,2.2,3.1,3.9,2.15,3.0,3.73,0,0,0,0,2.2,3.0,3.75,2.15,3.1,3.7,,,,2.63,1.5,,,2.57,1.47,2025-26,Serie A
18/02/2026,Milan,Como,1,1,D,0,1,A,6,10,4,4,4,4,11,12,19:45,-0.25,1.95,1.9,,,2.3,3.4,3.33,2.25,3.3,3.16,2,3,0,0,2.25,3.3,3.25,2.25,3.3,3.1,,,,2.0,1.85,,,1.92,1.83,2025-26,Serie A
20/02/2026,Sassuolo,Verona,3,0,H,2,0,H,8,12,4,1,6,5,12,14,19:45,-0.75,2.0,1.85,,,1.78,3.5,5.4,1.74,3.39,5.12,2,3,0,1,1.75,3.3,5.25,1.75,3.4,5.25,,,,2.2,1.67,,,2.22,1.62,2025-26,Serie A
21/02/2026,Juventus,Como,0,2,A,0,1,A,11,11,3,2,7,2,10,15,14:00,-0.25,1.75,2.05,,,2.1,3.5,3.7,2.05,3.4,3.56,1,0,0,0,2.0,3.4,3.7,2.05,3.5,3.5,,,,2.0,1.8,,,1.98,1.78,2025-26,Serie A
21/02/2026,Lecce,Inter,0,2,A,0,0,D,3,24,0,9,2,10,10,8,17:00,1.25,1.73,2.08,,,9.2,4.33,1.48,8.06,4.22,1.42,1,2,0,0,7.0,4.33,1.48,7.25,4.33,1.46,,,,2.1,1.73,,,2.03,1.73,2025-26,Serie A
21/02/2026,Cagliari,Lazio,0,0,D,0,0,D,11,10,2,3,3,6,12,15,19:45,0.25,1.88,1.98,,,3.4,3.2,2.37,3.3,3.05,2.3,3,2,1,0,3.4,3.0,2.35,3.2,3.1,2.35,,,,2.38,1.57,,,2.33,1.56,2025-26,Serie A
22/02/2026,Genoa,Torino,3,0,H,2,0,H,16,7,5,3,1,3,9,14,11:30,-0.25,1.93,1.93,,,2.3,3.2,3.65,2.23,3.04,3.47,0,1,0,1,2.25,3.0,3.6,2.3,3.1,3.4,,,,2.3,1.62,,,2.26,1.6,2025-26,Serie A
22/02/2026,Atalanta,Napoli,2,1,H,0,1,A,10,10,7,4,6,1,10,9,14:00,-0.25,2.1,1.78,,,2.5,3.25,3.05,2.42,3.16,2.98,1,1,0,0,2.45,3.2,3.0,2.45,3.2,3.0,,,,2.1,1.73,,,2.07,1.71,2025-26,Serie A
22/02/2026,Milan,Parma,0,1,A,0,0,D,25,9,6,3,5,2,13,10,17:00,-1.5,2.03,1.83,,,1.35,5.33,10.0,1.32,4.95,9.48,2,1,0,0,1.33,5.0,9.5,1.35,5.0,8.75,,,,1.8,2.0,,,1.78,1.97,2025-26,Serie A
22/02/2026,Roma,Cremonese,3,0,H,0,0,D,23,2,5,0,9,1,12,11,19:45,-1.25,1.85,2.0,,,1.39,4.8,10.0,1.35,4.62,9.29,1,1,0,0,1.36,4.5,10.0,1.39,4.6,8.5,,,,1.98,1.88,,,1.91,1.84,2025-26,Serie A
23/02/2026,Fiorentina,Pisa,1,0,H,1,0,H,15,7,5,1,4,3,8,19,17:30,-0.75,1.85,2.0,,,1.67,4.0,5.25,1.64,3.88,5.0,3,3,0,0,1.67,4.0,5.0,1.65,4.0,5.0,,,,1.8,2.0,,,1.76,2.01,2025-26,Serie A
23/02/2026,Bologna,Udinese,1,0,H,0,0,D,11,10,6,3,4,7,10,13,19:45,-0.5,1.85,2.0,,,1.9,3.55,4.5,1.85,3.46,4.23,1,1,0,0,1.85,3.5,4.5,1.85,3.5,4.33,,,,2.1,1.73,,,2.1,1.7,2025-26,Serie A
27/02/2026,Parma,Cagliari,1,1,D,0,0,D,18,11,4,5,6,3,14,8,19:45,-0.25,1.93,1.93,,,2.33,3.0,3.7,2.28,2.92,3.52,2,4,0,0,2.25,3.0,3.7,2.25,2.95,3.6,,,,2.38,1.57,,,2.43,1.53,2025-26,Serie A
28/02/2026,Como,Lecce,3,1,H,3,1,H,12,5,7,2,5,1,15,12,14:00,-1.25,1.88,1.98,,,1.39,4.75,10.0,1.37,4.49,9.12,0,1,0,0,1.38,4.5,9.5,1.39,4.6,8.5,,,,2.03,1.83,,,1.96,1.8,2025-26,Serie A
28/02/2026,Verona,Napoli,1,2,A,0,1,A,8,9,2,5,2,5,11,11,17:00,1.0,1.93,1.93,,,7.5,4.0,1.53,7.14,3.87,1.5,3,4,0,0,7.5,4.0,1.5,6.75,4.0,1.52,,,,2.3,1.62,,,2.23,1.62,2025-26,Serie A
28/02/2026,Inter,Genoa,2,0,H,1,0,H,14,6,6,2,10,2,13,8,19:45,-1.5,1.98,1.88,,,1.33,5.5,11.0,1.3,5.13,9.77,2,1,0,0,1.33,5.5,9.0,1.33,5.25,9.0,,,,1.73,2.1,,,1.7,2.09,2025-26,Serie A
01/03/2026,Cremonese,Milan,0,2,A,0,0,D,15,20,3,6,6,7,14,10,11:30,1.0,2.03,1.83,,,7.25,4.33,1.52,6.63,4.14,1.49,2,0,0,0,6.5,4.33,1.5,6.5,4.2,1.52,,,,1.91,1.91,,,1.88,1.87,2025-26,Serie A
01/03/2026,Sassuolo,Atalanta,2,1,H,1,0,H,7,26,5,7,3,9,3,13,14:00,0.5,1.88,1.98,,,3.8,3.6,2.0,3.7,3.51,1.95,2,2,1,0,3.8,3.6,1.95,3.7,3.5,1.98,,,,1.88,1.98,,,1.82,1.93,2025-26,Serie A
01/03/2026,Torino,Lazio,2,0,H,1,0,H,13,12,5,3,6,9,13,5,17:00,0.0,1.98,1.88,,,3.0,3.0,2.8,2.81,2.89,2.73,4,1,0,0,2.88,3.0,2.7,2.75,3.0,2.75,,,,2.5,1.53,,,2.41,1.53,2025-26,Serie A
01/03/2026,Roma,Juventus,3,3,D,1,0,H,11,13,5,5,4,1,7,12,19:45,0.0,1.85,2.0,,,2.71,3.1,2.95,2.57,3.06,2.84,1,0,0,0,2.63,3.1,2.88,2.6,3.1,2.87,,,,2.3,1.62,,,2.25,1.6,2025-26,Serie A
02/03/2026,Pisa,Bologna,0,1,A,0,0,D,6,8,3,1,7,4,15,11,17:30,0.5,1.85,2.0,,,4.2,3.5,2.0,3.8,3.32,1.98,0,2,0,0,4.2,3.2,2.0,3.7,3.4,2.0,,,,2.1,1.73,,,2.08,1.71,2025-26,Serie A
02/03/2026,Udinese,Fiorentina,3,0,H,1,0,H,10,10,7,0,5,2,16,12,19:45,0.25,1.83,2.03,,,3.25,3.5,2.38,3.07,3.27,2.3,1,4,0,0,3.25,3.2,2.35,3.1,3.25,2.35,,,,2.05,1.8,,,2.0,1.76,2025-26,Serie A
06/03/2026,Napoli,Torino,2,1,H,1,0,H,14,7,9,4,11,2,9,11,19:45,-1.0,2.03,1.83,,,1.61,3.8,6.75,1.56,3.75,6.32,0,3,0,0,1.57,3.8,6.25,1.6,3.8,6.0,,,,2.2,1.67,,,2.15,1.67,2025-26,Serie A
07/03/2026,Cagliari,Como,1,2,A,0,1,A,8,8,3,2,2,3,17,18,14:00,0.75,2.08,1.73,,,6.0,4.0,1.65,5.58,3.84,1.6,3,1,0,0,5.75,4.0,1.57,5.25,3.8,1.65,,,,2.0,1.8,,,2.01,1.76,2025-26,Serie A
07/03/2026,Atalanta,Udinese,2,2,D,0,1,A,22,8,4,2,11,3,7,10,17:00,-0.75,1.88,1.98,,,1.68,3.8,5.8,1.65,3.7,5.28,1,2,0,0,1.67,3.7,5.5,1.66,3.8,5.0,,,,1.91,1.91,,,1.88,1.87,2025-26,Serie A
07/03/2026,Juventus,Pisa,4,0,H,0,0,D,25,7,7,2,4,4,7,7,19:45,-1.75,1.95,1.9,,,1.25,6.25,14.0,1.23,5.94,12.02,1,3,0,0,1.25,6.25,11.0,1.25,6.25,10.5,,,,1.62,2.3,,,1.6,2.27,2025-26,Serie A
08/03/2026,Lecce,Cremonese,2,1,H,2,0,H,9,10,3,5,4,4,19,27,11:30,-0.25,1.8,2.05,,,2.15,3.0,4.25,2.11,2.96,3.89,1,4,0,1,2.1,3.0,4.0,2.15,2.95,3.9,,,,2.75,1.44,,,2.64,1.45,2025-26,Serie A
08/03/2026,Bologna,Verona,1,2,A,0,0,D,19,15,2,5,5,3,5,20,14:00,-1.0,1.98,1.88,,,1.58,4.1,6.5,1.54,3.89,6.2,1,2,0,0,1.55,3.9,6.5,1.55,4.1,6.0,,,,2.0,1.8,,,1.99,1.77,2025-26,Serie A
08/03/2026,Fiorentina,Parma,0,0,D,0,0,D,12,8,1,0,7,1,12,14,14:00,-0.75,1.93,1.93,,,1.75,3.75,5.5,1.7,3.64,4.89,2,0,0,0,1.7,3.6,5.25,1.72,3.75,4.75,,,,1.93,1.93,,,1.86,1.88,2025-26,Serie A
08/03/2026,Genoa,Roma,2,1,H,0,0,D,11,8,5,1,3,6,11,17,17:00,0.5,1.95,1.9,,,4.33,3.6,1.93,4.22,3.32,1.89,1,3,0,0,4.2,3.4,1.91,4.1,3.4,1.93,,,,2.3,1.62,,,2.32,1.56,2025-26,Serie A
08/03/2026,Milan,Inter,1,0,H,1,0,H,9,11,2,2,1,6,8,12,19:45,0.25,1.95,1.9,,,3.66,3.25,2.25,3.41,3.14,2.19,2,2,0,0,3.6,3.0,2.25,3.3,3.25,2.2,,,,2.0,1.8,,,1.95,1.8,2025-26,Serie A
09/03/2026,Lazio,Sassuolo,2,1,H,1,1,D,13,7,5,4,1,6,7,8,19:45,-0.25,1.88,1.98,,,2.2,3.3,3.55,2.16,3.18,3.42,0,4,0,0,2.15,3.25,3.5,2.15,3.2,3.5,,,,2.2,1.67,,,2.17,1.65,2025-26,Serie A
13/03/2026,Torino,Parma,4,1,H,1,1,D,15,6,6,3,2,7,17,13,19:45,-0.25,1.85,2.0,,,2.2,3.1,4.0,2.13,2.98,3.84,1,3,0,0,2.2,3.0,3.8,2.15,3.0,3.9,,,,2.38,1.57,,,2.29,1.58,2025-26,Serie A
14/03/2026,Inter,Atalanta,1,1,D,1,0,H,16,8,3,3,2,3,11,5,14:00,-1.0,1.93,1.93,,,1.55,4.33,6.0,1.53,4.23,5.79,2,2,0,0,1.55,4.33,5.75,1.55,4.33,5.5,,,,1.73,2.1,,,1.7,2.09,2025-26,Serie A
14/03/2026,Napoli,Lecce,2,1,H,0,1,A,12,12,4,2,7,7,11,7,17:00,-1.25,1.88,1.98,,,1.38,4.75,11.0,1.34,4.53,9.86,0,1,0,0,1.33,4.75,10.0,1.38,4.5,9.25,,,,2.2,1.67,,,2.14,1.67,2025-26,Serie A
14/03/2026,Udinese,Juventus,0,1,A,0,1,A,10,22,2,8,2,6,12,14,19:45,1.0,1.88,1.98,,,6.5,4.2,1.57,6.03,4.02,1.53,3,1,0,0,5.75,4.2,1.55,5.75,4.0,1.57,,,,1.91,1.91,,,1.92,1.83,2025-26,Serie A
15/03/2026,Verona,Genoa,0,2,A,0,0,D,8,11,1,3,4,2,22,9,11:30,0.25,1.83,2.03,,,3.25,3.25,2.4,3.14,3.06,2.37,2,1,0,0,3.25,3.0,2.4,3.1,3.1,2.4,,,,2.63,1.5,,,2.5,1.5,2025-26,Serie A
15/03/2026,Pisa,Cagliari,3,1,H,1,0,H,10,14,6,4,1,5,14,16,14:00,-0.25,2.1,1.7,,,2.6,3.0,3.2,2.49,2.96,3.04,1,4,1,1,2.55,3.0,3.1,2.55,3.0,3.0,,,,2.5,1.53,,,2.44,1.52,2025-26,Serie A
15/03/2026,Sassuolo,Bologna,0,1,A,0,1,A,9,16,3,3,7,4,16,11,14:00,0.0,1.7,2.1,,,2.57,3.3,3.0,2.47,3.23,2.84,1,2,0,0,2.4,3.3,3.0,2.45,3.3,2.85,,,,2.0,1.8,,,1.99,1.77,2025-26,Serie A
15/03/2026,Como,Roma,2,1,H,0,1,A,22,3,7,1,7,1,16,18,17:00,-0.25,1.8,2.05,,,2.3,3.4,3.75,2.08,3.29,3.51,2,3,0,1,2.1,3.3,3.6,2.1,3.4,3.5,,,,2.1,1.73,,,2.1,1.69,2025-26,Serie A
15/03/2026,Lazio,Milan,1,0,H,1,0,H,7,17,2,3,1,9,7,19,19:45,0.5,1.9,1.95,,,4.2,3.4,2.0,3.98,3.32,1.93,4,1,0,0,4.1,3.3,1.95,3.9,3.3,1.98,,,,2.2,1.67,,,2.16,1.66,2025-26,Serie A
16/03/2026,Cremonese,Fiorentina,1,4,A,0,2,A,13,13,3,6,4,6,17,16,19:45,0.5,1.93,1.93,,,4.0,3.6,1.95,3.78,3.52,1.92,1,0,0,0,3.9,3.6,1.91,3.8,3.5,1.95,,,,1.91,1.91,,,1.88,1.87,2025-26,Serie A
20/03/2026,Cagliari,Napoli,0,1,A,0,1,A,7,17,0,5,2,7,12,16,17:30,0.75,1.85,2.0,,,5.5,3.5,1.78,5.23,3.37,1.73,2,2,0,0,5.25,3.4,1.75,5.0,3.4,1.78,,,,2.5,1.53,,,2.43,1.53,2025-26,Serie A
20/03/2026,Genoa,Udinese,0,2,A,0,0,D,18,6,2,4,7,1,5,13,19:45,-0.25,1.83,2.03,,,2.2,3.13,3.8,2.14,3.1,3.65,1,5,0,0,2.15,3.1,3.75,2.15,3.1,3.7,,,,2.5,1.53,,,2.45,1.52,2025-26,Serie A
21/03/2026,Parma,Cremonese,0,2,A,0,0,D,8,7,1,4,3,1,20,15,14:00,-0.5,2.05,1.8,,,2.12,3.25,4.25,2.06,3.11,3.88,3,3,0,0,2.05,3.2,4.0,2.05,3.2,3.9,,,,2.2,1.67,,,2.15,1.67,2025-26,Serie A
21/03/2026,Milan,Torino,3,2,H,1,1,D,15,19,6,7,4,6,9,10,17:00,-1.25,1.9,1.95,,,1.4,5.0,9.0,1.36,4.71,8.23,3,1,0,0,1.4,4.75,7.5,1.4,4.8,7.75,,,,1.8,2.0,,,1.76,2.0,2025-26,Serie A
21/03/2026,Juventus,Sassuolo,1,1,D,1,0,H,18,7,8,1,9,4,7,7,19:45,-1.5,1.95,1.9,,,1.34,5.5,10.25,1.31,5.19,9.25,1,2,0,0,1.33,5.25,9.0,1.34,5.5,8.0,,,,1.62,2.3,,,1.62,2.22,2025-26,Serie A
22/03/2026,Como,Pisa,5,0,H,2,0,H,14,7,7,0,7,1,5,6,11:30,-1.75,2.03,1.83,,,1.27,6.0,12.5,1.24,5.63,11.81,0,2,0,0,1.25,6.0,11.0,1.27,5.75,11.0,,,,1.73,2.1,,,1.68,2.11,2025-26,Serie A
22/03/2026,Atalanta,Verona,1,0,H,1,0,H,11,12,3,3,2,4,12,16,14:00,-1.25,1.93,1.93,,,1.41,4.75,9.0,1.37,4.56,8.19,1,3,0,0,1.38,4.75,8.5,1.41,4.75,7.5,,,,1.91,1.91,,,1.86,1.88,2025-26,Serie A
22/03/2026,Bologna,Lazio,0,2,A,0,0,D,15,9,4,5,2,1,13,8,14:00,-0.25,2.03,1.83,,,2.4,3.13,3.45,2.3,3.04,3.28,1,1,0,0,2.35,3.0,3.4,2.3,3.1,3.25,,,,2.3,1.62,,,2.3,1.58,2025-26,Serie A
22/03/2026,Roma,Lecce,1,0,H,0,0,D,14,8,2,3,10,2,14,17,17:00,-1.0,1.88,1.98,,,1.53,4.2,8.0,1.47,3.96,7.33,2,2,0,0,1.53,3.75,8.0,1.49,4.2,7.0,,,,2.1,1.73,,,2.07,1.71,2025-26,Serie A
22/03/2026,Fiorentina,Inter,1,1,D,0,1,A,16,12,6,4,3,5,16,12,19:45,0.75,2.05,1.75,,,5.25,4.33,1.65,5.03,4.03,1.61,3,3,0,0,5.0,4.33,1.62,5.25,4.0,1.62,,,,1.73,2.1,,,1.74,2.03,2025-26,Serie A
04/04/2026,Sassuolo,Cagliari,2,1,H,0,1,A,9,11,2,3,2,2,14,11,14:00,-0.5,2.0,1.85,,,2.05,3.25,4.75,1.97,3.12,4.24,1,0,0,0,1.95,3.1,4.5,2.0,3.2,4.1,,,,2.1,1.73,,,2.12,1.68,2025-26,Serie A
04/04/2026,Verona,Fiorentina,0,1,A,0,0,D,21,5,8,1,9,1,15,7,17:00,0.5,1.95,1.9,,,4.25,3.5,1.94,4.13,3.4,1.89,3,1,1,1,4.2,3.5,1.9,4.1,3.4,1.9,,,,2.2,1.67,,,2.17,1.65,2025-26,Serie A
04/04/2026,Lazio,Parma,1,1,D,0,1,A,7,7,3,4,7,2,12,8,19:45,-0.75,2.05,1.8,,,1.8,3.5,5.33,1.77,3.4,4.91,1,2,0,0,1.8,3.4,5.0,1.8,3.5,4.6,,,,2.2,1.67,,,2.26,1.6,2025-26,Serie A
05/04/2026,Cremonese,Bologna,1,2,A,0,2,A,9,14,3,7,2,4,15,15,14:00,0.25,2.05,1.8,,,3.75,3.5,2.1,3.55,3.37,2.05,2,3,1,1,3.6,3.4,2.05,3.7,3.4,2.05,,,,2.03,1.83,,,1.98,1.78,2025-26,Serie A
05/04/2026,Pisa,Torino,0,1,A,0,0,D,7,13,1,2,1,2,12,12,17:00,0.25,1.78,2.1,,,3.2,3.1,2.6,3.05,2.96,2.49,1,0,0,0,3.2,3.0,2.45,3.0,3.1,2.45,,,,2.3,1.62,,,2.26,1.6,2025-26,Serie A
05/04/2026,Inter,Roma,5,2,H,2,1,H,17,9,9,3,7,4,11,10,19:45,-0.75,1.85,2.0,,,1.67,4.0,5.6,1.63,3.84,5.22,0,1,0,0,1.67,4.0,5.25,1.66,3.8,5.25,,,,1.91,1.91,,,1.9,1.84,2025-26,Serie A
06/04/2026,Udinese,Como,0,0,D,0,0,D,14,12,4,4,6,2,10,12,11:30,0.75,1.95,1.9,,,5.3,4.0,1.73,4.97,3.71,1.67,2,3,0,0,5.0,3.75,1.7,5.0,3.6,1.73,,,,2.03,1.83,,,1.98,1.78,2025-26,Serie A
06/04/2026,Lecce,Atalanta,0,3,A,0,1,A,11,16,0,6,2,5,10,18,14:00,0.75,1.88,1.98,,,5.0,3.8,1.8,4.73,3.64,1.72,0,2,0,0,5.0,3.75,1.75,4.6,3.7,1.75,,,,2.03,1.83,,,1.97,1.78,2025-26,Serie A
06/04/2026,Juventus,Genoa,2,0,H,2,0,H,16,12,5,3,5,5,10,8,17:00,-1.25,1.88,1.98,,,1.41,4.75,10.0,1.36,4.52,8.82,4,1,0,0,1.38,4.5,9.5,1.41,4.6,8.0,,,,1.91,1.91,,,1.93,1.83,2025-26,Serie A
06/04/2026,Napoli,Milan,1,0,H,0,0,D,10,7,3,1,4,3,7,6,19:45,0.0,1.78,2.1,,,2.6,3.1,3.1,2.52,2.98,2.98,2,0,0,0,2.55,3.0,3.0,2.55,3.1,2.87,,,,2.3,1.62,,,2.26,1.6,2025-26,Serie A
10/04/2026,Roma,Pisa,3,0,H,2,0,H,8,9,3,5,1,3,11,12,19:45,-1.5,2.03,1.83,,,1.35,5.0,10.0,1.32,4.89,9.35,1,1,0,0,1.33,5.0,9.0,1.35,5.0,9.0,,,,1.83,2.03,,,1.8,1.96,2025-26,Serie A
11/04/2026,Cagliari,Cremonese,1,0,H,0,0,D,17,5,5,2,6,5,9,17,14:00,-0.25,1.85,2.0,,,2.2,3.2,4.0,2.14,3.11,3.61,1,1,0,0,2.15,3.1,3.6,2.2,3.2,3.4,,,,2.3,1.62,,,2.28,1.6,2025-26,Serie A
11/04/2026,Torino,Verona,2,1,H,1,1,D,11,18,2,4,3,6,13,17,14:00,-0.5,1.9,1.95,,,1.92,3.33,4.6,1.88,3.28,4.38,1,4,0,0,1.9,3.3,4.33,1.9,3.3,4.33,,,,2.38,1.57,,,2.37,1.56,2025-26,Serie A
11/04/2026,Milan,Udinese,0,3,A,0,2,A,20,12,3,6,4,3,9,14,17:00,-1.25,1.98,1.88,,,1.44,4.75,8.5,1.41,4.43,7.77,1,1,0,0,1.42,4.5,8.0,1.43,4.75,7.0,,,,1.83,2.03,,,1.79,1.97,2025-26,Serie A
11/04/2026,Atalanta,Juventus,0,1,A,0,0,D,22,7,3,2,13,2,7,11,19:45,0.25,1.85,2.0,,,3.1,3.5,2.37,3.04,3.34,2.29,1,3,0,0,3.1,3.3,2.35,3.1,3.4,2.25,,,,1.8,2.0,,,1.8,1.95,2025-26,Serie A
12/04/2026,Genoa,Sassuolo,2,1,H,1,0,H,14,15,7,6,5,3,9,14,11:30,-0.25,1.85,2.0,,,2.2,3.33,3.5,2.15,3.24,3.41,2,3,1,1,2.15,3.3,3.5,2.2,3.25,3.4,,,,2.1,1.73,,,2.12,1.68,2025-26,Serie A
12/04/2026,Parma,Napoli,1,1,D,1,0,H,3,20,2,6,3,7,4,8,14:00,0.75,2.1,1.78,,,6.25,4.0,1.67,5.87,3.75,1.59,1,0,0,0,6.0,3.8,1.6,5.5,3.75,1.63,,,,2.2,1.67,,,2.17,1.66,2025-26,Serie A
12/04/2026,Bologna,Lecce,2,0,H,1,0,H,12,6,4,1,8,6,15,19,17:00,-0.5,1.8,2.05,,,1.83,3.5,5.33,1.78,3.37,4.8,0,2,0,0,1.8,3.4,4.75,1.82,3.4,4.6,,,,2.2,1.67,,,2.17,1.65,2025-26,Serie A
12/04/2026,Como,Inter,3,4,A,2,1,H,24,7,8,5,1,1,12,17,19:45,0.25,1.88,1.98,,,3.2,3.5,2.28,3.11,3.38,2.23,3,7,0,0,3.1,3.5,2.25,3.2,3.4,2.25,,,,1.91,1.91,,,1.85,1.9,2025-26,Serie A
13/04/2026,Fiorentina,Lazio,1,0,H,1,0,H,8,13,2,6,5,6,10,10,19:45,-0.25,1.98,1.88,,,2.38,3.2,3.5,2.28,3.05,3.31,3,2,0,0,2.25,3.2,3.4,2.3,3.1,3.3,,,,2.2,1.67,,,2.18,1.65,2025-26,Serie A
17/04/2026,Sassuolo,Como,2,1,H,2,1,H,11,12,4,3,5,8,14,11,17:30,1.0,1.95,1.9,,,6.0,4.33,1.67,5.7,4.17,1.54,3,3,0,0,5.75,4.33,1.53,5.75,4.2,1.57,,,,1.67,2.2,,,1.66,2.17,2025-26,Serie A
17/04/2026,Inter,Cagliari,3,0,H,0,0,D,18,10,5,1,4,9,17,6,19:45,-1.75,1.93,1.93,,,1.25,6.5,13.0,1.23,6.04,11.88,0,2,0,0,1.25,6.0,12.0,1.25,6.25,11.0,,,,1.57,2.38,,,1.56,2.35,2025-26,Serie A
18/04/2026,Udinese,Parma,0,1,A,0,0,D,16,10,3,1,10,5,11,8,14:00,-0.25,1.83,2.03,,,2.25,3.1,4.0,2.16,2.99,3.77,2,0,0,0,2.15,3.0,3.9,2.2,3.1,3.6,,,,2.3,1.62,,,2.27,1.6,2025-26,Serie A
18/04/2026,Napoli,Lazio,0,2,A,0,1,A,12,14,0,7,12,0,11,9,17:00,-1.0,1.9,1.95,,,1.67,4.0,7.1,1.54,3.83,6.58,1,3,0,0,1.53,3.9,7.0,1.57,3.8,6.5,,,,2.2,1.67,,,2.17,1.66,2025-26,Serie A
18/04/2026,Roma,Atalanta,1,1,D,1,1,D,19,8,9,2,7,6,4,14,19:45,0.0,1.8,2.05,,,2.54,3.4,3.25,2.4,3.25,2.94,1,2,0,0,2.45,3.25,2.9,2.37,3.25,3.0,,,,2.0,1.8,,,1.98,1.78,2025-26,Serie A
19/04/2026,Cremonese,Torino,0,0,D,0,0,D,14,4,4,1,6,1,11,12,11:30,0.0,2.05,1.8,,,3.0,3.2,2.6,2.86,3.08,2.54,0,3,0,0,2.88,3.1,2.6,2.9,3.1,2.55,,,,2.2,1.67,,,2.18,1.65,2025-26,Serie A
19/04/2026,Verona,Milan,0,1,A,0,1,A,13,6,2,3,6,1,13,6,14:00,1.0,1.83,2.03,,,6.5,4.0,1.62,6.12,3.83,1.56,2,0,0,0,6.25,3.9,1.57,5.75,3.75,1.62,,,,2.05,1.8,,,2.0,1.76,2025-26,Serie A
19/04/2026,Pisa,Genoa,1,2,A,1,1,D,12,13,4,5,5,5,21,16,17:00,0.25,1.83,2.03,,,3.4,3.25,2.38,3.24,3.12,2.29,3,1,0,0,3.25,3.1,2.35,3.2,3.25,2.3,,,,2.5,1.53,,,2.38,1.54,2025-26,Serie A
19/04/2026,Juventus,Bologna,2,0,H,1,0,H,14,7,4,0,6,1,10,5,19:45,-1.25,2.05,1.75,,,1.5,4.5,7.0,1.45,4.38,6.58,1,0,0,0,1.5,4.5,6.5,1.47,4.5,6.25,,,,1.73,2.1,,,1.71,2.08,2025-26,Serie A
20/04/2026,Lecce,Fiorentina,1,1,D,0,1,A,14,5,4,3,5,2,8,13,19:45,0.25,2.0,1.85,,,3.55,3.4,2.2,3.42,3.28,2.13,2,4,0,0,3.4,3.4,2.15,3.5,3.25,2.15,,,,2.1,1.73,,,2.1,1.69,2025-26,Serie A
24/04/2026,Napoli,Cremonese,4,0,H,3,0,H,25,7,9,4,7,5,7,11,19:45,-1.5,2.08,1.73,,,1.35,5.25,10.0,1.32,4.85,9.45,0,0,0,0,1.33,5.25,9.0,1.35,5.0,8.75,,,,1.91,1.91,,,1.87,1.87,2025-26,Serie A
25/04/2026,Parma,Pisa,1,0,H,0,0,D,15,12,5,3,7,4,10,19,14:00,-0.5,2.08,1.73,,,2.12,3.3,3.9,2.05,3.2,3.73,1,2,0,0,2.1,3.2,3.8,2.05,3.2,3.8,,,,2.3,1.62,,,2.26,1.59,2025-26,Serie A
25/04/2026,Bologna,Roma,0,2,A,0,2,A,10,7,2,2,7,7,10,16,17:00,0.25,1.83,2.03,,,3.1,3.3,2.45,2.98,3.21,2.38,0,3,0,0,3.1,3.2,2.4,2.87,3.25,2.45,,,,2.1,1.73,,,2.05,1.72,2025-26,Serie A
25/04/2026,Verona,Lecce,0,0,D,0,0,D,6,12,3,2,2,4,15,19,19:45,0.0,1.88,1.98,,,2.7,3.1,2.88,2.66,2.98,2.8,2,5,0,0,2.7,3.0,2.88,2.65,3.1,2.8,,,,2.75,1.44,,,2.66,1.44,2025-26,Serie A
26/04/2026,Fiorentina,Sassuolo,0,0,D,0,0,D,22,11,5,1,7,4,13,12,11:30,-0.5,1.93,1.93,,,1.95,3.5,4.33,1.9,3.34,4.08,2,1,0,0,1.91,3.3,4.33,1.93,3.4,4.1,,,,1.88,1.98,,,1.84,1.91,2025-26,Serie A
26/04/2026,Genoa,Como,0,2,A,0,1,A,9,8,1,2,2,3,12,15,14:00,0.75,1.83,2.03,,,4.75,4.0,1.8,4.52,3.63,1.75,1,3,0,0,4.5,3.8,1.75,4.5,3.6,1.78,,,,2.0,1.8,,,1.98,1.77,2025-26,Serie A
26/04/2026,Torino,Inter,2,2,D,0,1,A,14,14,2,5,5,5,10,8,17:00,1.25,1.93,1.93,,,7.6,5.0,1.44,7.17,4.61,1.4,1,2,0,0,7.5,5.0,1.4,6.75,4.8,1.43,,,,1.67,2.2,,,1.64,2.19,2025-26,Serie A
26/04/2026,Milan,Juventus,0,0,D,0,0,D,8,10,1,5,1,3,12,8,19:45,0.0,2.1,1.7,,,3.1,3.2,2.6,2.93,3.11,2.45,2,3,0,0,3.1,3.1,2.45,2.9,3.2,2.5,,,,1.98,1.88,,,1.94,1.81,2025-26,Serie A
27/04/2026,Cagliari,Atalanta,3,2,H,2,2,D,9,12,4,6,4,6,8,11,17:30,0.75,1.83,2.03,,,4.75,3.8,1.8,4.51,3.64,1.74,0,0,0,0,4.5,3.6,1.8,4.75,3.6,1.75,,,,1.91,1.91,,,1.9,1.84,2025-26,Serie A
27/04/2026,Lazio,Udinese,3,3,D,0,1,A,13,16,5,7,4,5,17,14,19:45,-0.5,2.0,1.85,,,2.05,3.33,4.2,1.97,3.26,3.87,3,1,0,0,1.95,3.3,4.2,2.0,3.3,3.8,,,,2.2,1.67,,,2.18,1.64,2025-26,Serie A
01/05/2026,Pisa,Lecce,1,2,A,0,0,D,17,7,7,4,6,1,15,13,19:45,0.25,1.9,1.95,,,3.6,3.1,2.3,3.42,2.99,2.27,4,2,0,0,3.5,3.0,2.3,3.5,2.95,2.3,,,,2.63,1.5,,,2.51,1.49,2025-26,Serie A
02/05/2026,Udinese,Torino,2,0,H,1,0,H,19,9,8,1,5,2,11,18,14:00,-0.25,1.98,1.88,,,2.3,3.3,3.33,2.25,3.19,3.2,1,1,0,0,2.3,3.2,3.3,2.3,3.25,3.1,,,,2.1,1.73,,,2.09,1.69,2025-26,Serie A
02/05/2026,Como,Napoli,0,0,D,0,0,D,16,8,5,1,3,2,11,10,17:00,-0.25,1.95,1.9,,,2.3,3.3,3.33,2.24,3.26,3.18,1,1,0,0,2.25,3.3,3.3,2.25,3.3,3.2,,,,2.2,1.67,,,2.12,1.68,2025-26,Serie A
02/05/2026,Atalanta,Genoa,0,0,D,0,0,D,21,7,7,2,6,2,14,10,19:45,-1.0,2.0,1.85,,,1.62,4.2,6.0,1.57,3.99,5.54,2,1,0,0,1.57,4.1,5.75,1.62,4.0,5.25,,,,1.8,2.0,,,1.79,1.95,2025-26,Serie A
03/05/2026,Bologna,Cagliari,0,0,D,0,0,D,13,8,4,2,7,2,13,12,11:30,-0.75,2.05,1.75,,,1.83,3.6,4.9,1.78,3.43,4.55,2,1,0,0,1.8,3.5,4.75,1.8,3.5,4.5,,,,2.1,1.73,,,2.09,1.69,2025-26,Serie A
03/05/2026,Sassuolo,Milan,2,0,H,1,0,H,13,7,4,1,2,3,16,16,14:00,0.75,1.93,1.93,,,4.75,4.2,1.73,4.49,3.98,1.68,4,4,0,1,4.5,4.1,1.73,4.4,4.1,1.7,,,,1.73,2.1,,,1.69,2.1,2025-26,Serie A
03/05/2026,Juventus,Verona,1,1,D,0,1,A,29,7,7,3,14,1,9,19,17:00,-1.75,1.88,1.98,,,1.25,6.5,14.0,1.21,6.02,12.75,1,4,0,0,1.22,6.5,12.0,1.24,6.25,12.0,,,,1.67,2.2,,,1.62,2.21,2025-26,Serie A
03/05/2026,Inter,Parma,2,0,H,1,0,H,12,4,5,0,8,3,9,7,19:45,-1.75,1.83,2.03,,,1.25,6.5,13.0,1.21,6.25,11.94,1,0,0,0,1.22,6.0,13.0,1.24,6.5,11.5,,,,1.5,2.63,,,1.48,2.55,2025-26,Serie A
04/05/2026,Cremonese,Lazio,1,2,A,1,0,H,13,8,5,3,3,3,16,13,17:30,0.0,2.1,1.78,,,3.0,3.3,2.5,2.88,3.21,2.42,1,2,0,0,2.9,3.25,2.5,2.9,3.25,2.45,,,,2.1,1.73,,,2.1,1.69,2025-26,Serie A
04/05/2026,Roma,Fiorentina,4,0,H,3,0,H,14,4,7,1,4,5,12,10,19:45,-0.75,1.8,2.05,,,1.66,4.2,5.4,1.61,3.94,5.08,2,2,0,0,1.62,4.2,5.0,1.65,4.0,5.0,,,,1.9,1.95,,,1.84,1.91,2025-26,Serie A
08/05/2026,Torino,Sassuolo,2,1,H,0,0,D,18,13,4,7,7,5,13,9,19:45,0.0,1.83,2.03,,,2.6,3.33,3.0,2.49,3.23,2.81,4,2,0,0,2.6,3.2,2.8,2.5,3.25,2.85,,,,1.91,1.91,,,1.86,1.88,2025-26,Serie A
09/05/2026,Cagliari,Udinese,0,2,A,0,0,D,22,9,5,6,8,4,10,13,14:00,0.0,1.78,2.1,,,2.55,3.2,2.94,2.5,3.12,2.89,1,1,0,0,2.5,3.2,2.9,2.55,3.1,2.85,,,,2.2,1.67,,,2.2,1.64,2025-26,Serie A
09/05/2026,Lazio,Inter,0,3,A,0,2,A,9,14,5,5,5,1,10,8,17:00,0.75,1.83,2.03,,,4.6,3.8,1.8,4.37,3.72,1.75,2,1,1,0,4.5,3.7,1.8,4.4,3.75,1.77,,,,1.8,2.0,,,1.75,2.01,2025-26,Serie A
09/05/2026,Lecce,Juventus,0,1,A,0,1,A,8,15,3,6,1,7,7,18,19:45,1.25,1.83,2.03,,,7.1,4.5,1.48,6.74,4.42,1.44,1,1,0,0,6.25,4.5,1.45,6.5,4.5,1.47,,,,1.73,2.1,,,1.67,2.12,2025-26,Serie A
10/05/2026,Verona,Como,0,1,A,0,0,D,11,11,3,4,7,7,17,14,11:30,1.25,1.98,1.88,,,8.5,4.8,1.41,8.03,4.6,1.37,1,1,0,0,8.0,4.75,1.38,8.0,4.8,1.38,,,,1.93,1.93,,,1.86,1.89,2025-26,Serie A
10/05/2026,Cremonese,Pisa,3,0,H,1,0,H,10,0,6,0,7,1,10,12,14:00,-0.75,1.93,1.93,,,1.73,3.75,5.1,1.69,3.62,4.97,0,4,0,2,1.7,3.75,5.0,1.72,3.6,5.0,,,,2.1,1.73,,,2.09,1.69,2025-26,Serie A
10/05/2026,Fiorentina,Genoa,0,0,D,0,0,D,13,9,1,3,4,3,13,14,14:00,-0.5,2.05,1.75,,,2.1,3.5,3.75,2.06,3.31,3.56,0,0,0,0,2.1,3.4,3.6,2.05,3.3,3.75,,,,2.1,1.73,,,2.05,1.72,2025-26,Serie A
10/05/2026,Parma,Roma,2,3,A,0,1,A,11,15,3,7,3,6,14,8,17:00,1.0,1.9,1.95,,,6.5,4.5,1.57,6.12,4.01,1.53,4,0,1,0,6.25,4.1,1.53,6.0,4.0,1.57,,,,2.0,1.8,,,2.0,1.76,2025-26,Serie A
10/05/2026,Milan,Atalanta,2,3,A,0,2,A,20,9,9,5,2,2,8,17,19:45,-0.5,2.05,1.75,,,2.1,3.6,3.8,2.05,3.42,3.47,3,3,0,0,2.1,3.3,3.5,2.1,3.4,3.5,,,,1.85,2.0,,,1.78,1.97,2025-26,Serie A
11/05/2026,Napoli,Bologna,2,3,A,1,2,A,14,10,5,4,7,1,10,12,19:45,-1.0,1.93,1.93,,,1.57,4.2,6.5,1.52,4.01,6.06,1,4,0,0,1.53,4.2,6.0,1.57,4.0,6.0,,,,1.98,1.88,,,1.9,1.85,2025-26,Serie A
17/05/2026,Como,Parma,1,0,H,0,0,D,23,2,7,2,15,2,10,14,11:00,-1.75,2.0,1.85,,,1.28,6.0,13.0,1.24,5.69,11.34,2,0,0,0,1.25,5.25,12.0,1.28,5.75,10.0,,,,1.67,2.2,,,1.62,2.21,2025-26,Serie A
17/05/2026,Genoa,Milan,1,2,A,0,0,D,11,8,2,6,4,4,8,19,11:00,0.75,1.9,1.95,,,4.85,3.8,1.76,4.65,3.69,1.71,2,3,0,0,4.5,3.7,1.7,4.8,3.75,1.72,,,,1.98,1.88,,,1.91,1.84,2025-26,Serie A
17/05/2026,Juventus,Fiorentina,0,2,A,0,1,A,26,10,9,4,6,2,15,12,11:00,-1.5,1.93,1.93,,,1.35,6.0,9.4,1.31,5.28,8.38,1,3,0,1,1.33,5.0,8.5,1.35,5.5,7.75,,,,1.62,2.3,,,1.57,2.31,2025-26,Serie A
17/05/2026,Pisa,Napoli,0,3,A,0,2,A,4,10,2,5,1,6,13,8,11:00,1.25,1.98,1.88,,,9.0,5.0,1.4,8.06,4.63,1.37,2,2,0,0,9.0,4.5,1.36,7.5,4.8,1.4,,,,1.8,2.0,,,1.78,1.97,2025-26,Serie A
17/05/2026,Roma,Lazio,2,0,H,1,0,H,16,6,7,2,8,3,15,17,11:00,-1.0,1.93,1.93,,,1.57,4.5,6.5,1.52,4.09,6.0,2,3,1,1,1.53,4.0,5.75,1.57,4.1,5.75,,,,1.93,1.93,,,1.87,1.87,2025-26,Serie A
17/05/2026,Inter,Verona,1,1,D,0,0,D,17,14,6,5,10,2,9,12,14:00,-2.0,2.0,1.85,,,1.22,8.0,15.0,1.18,6.85,12.88,0,2,0,0,1.2,8.0,9.0,1.21,7.0,12.0,,,,1.5,2.63,,,1.47,2.57,2025-26,Serie A
17/05/2026,Atalanta,Bologna,0,1,A,0,0,D,10,10,1,5,2,5,17,6,17:00,-0.75,1.83,2.03,,,1.67,4.2,5.0,1.64,4.06,4.65,1,1,0,0,1.62,4.2,4.75,1.66,4.2,4.6,,,,1.67,2.2,,,1.62,2.22,2025-26,Serie A
17/05/2026,Cagliari,Torino,2,1,H,2,1,H,13,10,4,3,5,1,8,13,19:45,-0.25,2.0,1.85,,,2.45,3.2,3.33,2.35,3.11,3.08,1,1,0,0,2.3,3.1,3.2,2.45,3.1,3.0,,,,2.2,1.67,,,2.22,1.62,2025-26,Serie A
17/05/2026,Sassuolo,Lecce,2,3,A,1,2,A,15,11,6,6,2,8,7,13,19:45,0.0,1.95,1.9,,,2.8,3.3,2.75,2.67,3.18,2.61,1,4,0,0,2.7,3.2,2.63,2.8,3.2,2.55,,,,2.0,1.8,,,2.02,1.74,2025-26,Serie A
17/05/2026,Udinese,Cremonese,0,1,A,0,1,A,10,7,2,4,5,5,10,9,19:45,-0.25,2.05,1.8,,,2.45,3.3,3.05,2.34,3.26,2.97,1,3,0,0,2.3,3.3,3.0,2.35,3.3,3.0,,,,2.1,1.73,,,2.02,1.74,2025-26,Serie A
22/05/2026,Fiorentina,Atalanta,1,1,D,1,0,H,11,21,4,6,3,3,11,14,19:45,0.0,2.0,1.85,,,2.72,3.6,2.6,2.65,3.43,2.49,0,2,0,0,2.7,3.5,2.55,2.65,3.4,2.55,,,,1.67,2.2,,,1.65,2.19,2025-26,Serie A
23/05/2026,Bologna,Inter,3,3,D,2,1,H,11,11,3,5,1,4,15,14,17:00,0.25,1.9,1.95,,,3.1,3.75,2.28,2.95,3.64,2.19,0,2,0,0,3.1,3.6,2.2,3.0,3.75,2.2,,,,1.57,2.38,,,1.55,2.36,2025-26,Serie A
23/05/2026,Lazio,Pisa,2,1,H,2,1,H,15,8,9,2,5,1,9,8,19:45,-1.0,1.93,1.93,,,1.55,4.5,6.6,1.52,4.16,5.76,2,1,0,0,1.55,4.2,6.0,1.55,4.33,5.5,,,,1.8,2.0,,,1.76,2.0,2025-26,Serie A
24/05/2026,Parma,Sassuolo,1,0,H,0,0,D,16,6,3,1,1,1,10,14,14:00,0.0,1.95,1.9,,,2.7,3.45,2.68,2.61,3.3,2.55,2,2,0,0,2.7,3.4,2.63,2.65,3.4,2.6,,,,1.9,1.95,,,1.87,1.87,2025-26,Serie A
24/05/2026,Napoli,Udinese,1,0,H,1,0,H,14,10,6,3,3,3,3,13,17:00,-1.0,1.8,2.05,,,1.5,4.33,8.0,1.47,4.07,6.72,0,3,0,1,1.48,4.0,8.0,1.5,4.2,6.75,,,,1.9,1.95,,,1.87,1.86,2025-26,Serie A
24/05/2026,Cremonese,Como,1,4,A,0,1,A,6,15,1,6,2,4,14,12,19:45,1.0,1.88,1.98,,,5.66,4.33,1.6,5.33,4.05,1.55,4,2,3,0,5.25,4.33,1.57,5.25,4.1,1.6,,,,1.67,2.2,,,1.67,2.13,2025-26,Serie A
24/05/2026,Lecce,Genoa,1,0,H,1,0,H,9,8,4,1,1,6,11,6,19:45,-0.75,2.0,1.85,,,1.8,3.5,5.0,1.73,3.42,4.84,2,0,0,0,1.75,3.5,5.0,1.77,3.4,5.0,,,,2.3,1.62,,,2.26,1.59,2025-26,Serie A
24/05/2026,Milan,Cagliari,1,2,A,1,1,D,16,25,3,10,5,5,8,9,19:45,-1.5,1.85,2.0,,,1.29,5.75,11.0,1.26,5.3,10.35,2,2,0,0,1.29,5.5,11.0,1.29,5.75,10.0,,,,1.67,2.2,,,1.66,2.14,2025-26,Serie A
24/05/2026,Torino,Juventus,2,2,D,0,1,A,12,17,5,4,6,6,10,10,19:45,1.25,1.88,1.98,,,7.5,4.75,1.44,7.23,4.45,1.4,1,2,0,0,7.5,4.5,1.42,7.0,4.75,1.43,,,,1.73,2.1,,,1.72,2.03,2025-26,Serie A
24/05/2026,Verona,Roma,0,2,A,0,0,D,8,19,3,7,6,6,12,10,19:45,1.5,1.88,1.98,,,13.0,5.5,1.35,9.84,5.01,1.3,3,1,1,0,10.0,5.5,1.3,9.0,5.0,1.34,,,,1.8,2.0,,,1.78,1.97,2025-26,Serie A
